name,strong_point,prefecture_id,price,zip_code,address,access,hours,age,madori,land_area,house_area,built_time,notes,recommendation,shop_id,source,image_url1,image_url2,image_url3,image_url4,built_date
高根町清里（清里駅),"築100年以上経過の平家古民家、陽当たりの良い敷地に約6坪と2坪の作業場/物置付き
清里駅から南に少し離れた静かな農村エリアにあり、南に開けた陽当たりの良い場所です。
築年数は経過していますが、草葺の屋根にトタンを被せ、床は下地から補修済み、給湯設備も修繕済みなのでそのままお住まいいただけます。
敷地内には駐車スペース3台分のほか、菜園スペースも10坪あります。
また約6坪と2坪の作業場/物置がありますので、荷物が多い方や趣味のスペースが欲しい方にもおススメです。",山梨県,690,,山梨県北杜市高根町清里,ＪＲ小海線「清里」歩62分,,101,5K,553.51,119,6211,設備：公営水道、本下水、個別LPG,great,,https://inaka.suumo.jp/chukoikkodate/__JJ_JJ010FJ100_arz1040z2bsz1021z2fmlgz1t001z2ncz189172291z2scz119209z2taz119z2tbcz180.html,https://img01.suumo.com/jj/resizeImage?src=gazo%2Fbukken%2F040%2FN010000%2Fimg%2F291%2F89172291%2F89172291_0001.jpg&w=500,https://img01.suumo.com/jj/resizeImage?src=gazo%2Fbukken%2F040%2FN010000%2Fimg%2F291%2F89172291%2F89172291_0002.jpg&w=500,https://img01.suumo.com/jj/resizeImage?src=gazo%2Fbukken%2F040%2FN010000%2Fimg%2F291%2F89172291%2F89172291_0003.jpg&w=500,https://img01.suumo.com/jj/resizeImage?src=gazo%2Fbukken%2F040%2FN010000%2Fimg%2F291%2F89172291%2F89172291_0004.jpg&w=500,
須山,"本格的な暖炉と檜風呂。
吹抜けとロフト付の昔ながらの住宅
駐車スペース有、２台可
ＬＤＫ２０畳以上です。
土地100坪以上の広い敷地。
暖炉をくべる、薪もたくさん御座います！
富士山が見える地域でのんびりくらし。
融雪対策があり、雪の日は朝早く管理会社が除雪いたします。
前道幅員６ｍ以上で、車通りやすいです。
和室９畳、押入れもたくさん。
浴室は広め（１坪以上）、檜風呂が洒落てます。
ロフト、吹抜けがあり、来客時はそちらで就寝。
緑豊かな住宅地で、自然に囲まれてます。
富士急による開発分譲地内。
周辺交通量少なめで隣家との間隔が大きいです。",静岡県,700,,静岡県裾野市須山,ＪＲ御殿場線「御殿場」車17.6km,,49,1LDK+S（納戸）,689,78.25,25538,設備：公営水道、集中浄化槽、集中LPG、駐車場：カースペース,great,,https://inaka.suumo.jp/chukoikkodate/__JJ_JJ010FJ100_arz1050z2bsz1021z2fmlgz1t001z2ncz188651681z2scz122220z2taz122z2tbcz180.html,https://img01.suumo.com/jj/resizeImage?src=gazo%2Fbukken%2F050%2FN010000%2Fimg%2F681%2F88651681%2F88651681_0005.jpg&w=500,https://img01.suumo.com/jj/resizeImage?src=gazo%2Fbukken%2F050%2FN010000%2Fimg%2F681%2F88651681%2F88651681_0004.jpg&w=500,https://img01.suumo.com/jj/resizeImage?src=gazo%2Fbukken%2F050%2FN010000%2Fimg%2F681%2F88651681%2F88651681_0001.jpg&w=500,https://img01.suumo.com/jj/resizeImage?src=gazo%2Fbukken%2F050%2FN010000%2Fimg%2F681%2F88651681%2F88651681_0006.jpg&w=500,
八束町江島（余子駅,"江島大橋、別名≪べた踏み坂≫の近く。
東側は中海に面しており、１年通して中海越しの風景を楽しめます。
釣り好きには嬉しいスポットですね♪
家は、築年数経っていますが、古民家風に良い雰囲気を出しています。
南向きの配置でお部屋も明るく、庭も広いので家庭菜園もやり放題。
歩いて１５秒で中海です。　境港～米子市～天気の良い日には、『大山』も見えるビューポイント。　
こんなところで生活しませんか！

駐車３台以上可、即入居可、土地100坪以上、オーシャンビュー、避暑地、南向き、陽当り良好、南側道路面す、周辺交通量少なめ、和室、庭１０坪以上、庭、家庭菜園、２階建、南庭、前面棟無、通風良好、眺望良好、平坦地、古民家風",島根県,776,,島根県松江市八束町江島,ＪＲ境線「余子」歩73分,,64,5DK,641,186.94,19725,設備：公営水道、本下水、個別LPG、駐車場：カースペース,great,,https://inaka.suumo.jp/chukoikkodate/__JJ_JJ010FJ100_arz1080z2bsz1021z2fmlgz1t001z2ncz184690280z2scz132201z2taz132z2tbcz180.html,https://img01.suumo.com/jj/resizeImage?src=gazo%2Fbukken%2F080%2FN010000%2Fimg%2F280%2F84690280%2F84690280_0021.jpg&w=500,https://img01.suumo.com/jj/resizeImage?src=gazo%2Fbukken%2F080%2FN010000%2Fimg%2F280%2F84690280%2F84690280_0063.jpg&w=500,https://img01.suumo.com/jj/resizeImage?src=gazo%2Fbukken%2F080%2FN010000%2Fimg%2F280%2F84690280%2F84690280_0064.jpg&w=500,https://img01.suumo.com/jj/resizeImage?src=gazo%2Fbukken%2F080%2FN010000%2Fimg%2F280%2F84690280%2F84690280_0015.jpg&w=500,
大字広瀬,"■明治７年（築１４４年）建築の古民家
■平成１１年に約７００万円の大改装済
■自然素材！無垢の建具フローリング
■伝統工法とんとん葺き屋根がおしゃれ！
■大自然に囲まれて生活しませんか？
■畑もできますよ♪
■浴室とウッドデッキ新設しました。
■星がきれいです。
■水がおいしいです。",奈良県,790,,奈良県吉野郡天川村大字広瀬,ＪＲ和歌山線「五条」車32km,,144,3DK,2210.5,74.38,-9494,駐車場：車庫,great,,https://inaka.suumo.jp/chukoikkodate/__JJ_JJ010FJ100_arz1060z2bsz1021z2fmlgz1t001z2ncz190314651z2scz129446z2taz129z2tbcz180.html,https://img01.suumo.com/jj/resizeImage?src=gazo%2Fbukken%2F060%2FN010000%2Fimg%2F651%2F90314651%2F90314651_0005.jpg&w=500,https://img01.suumo.com/jj/resizeImage?src=gazo%2Fbukken%2F060%2FN010000%2Fimg%2F651%2F90314651%2F90314651_0006.jpg&w=500,https://img01.suumo.com/jj/resizeImage?src=gazo%2Fbukken%2F060%2FN010000%2Fimg%2F651%2F90314651%2F90314651_0010.jpg&w=500,https://img01.suumo.com/jj/resizeImage?src=gazo%2Fbukken%2F060%2FN010000%2Fimg%2F651%2F90314651%2F90314651_0011.jpg&w=500,
大字求菩提,"築100年以上の古民家
水清く自然に恵まれた所にあり、修験道の霊山として名高い求菩提山の麓です。
他に家屋1棟、納屋、畑があります。
物件の築年は不詳です。
屋根は瓦にしています。
のんびりスローライフを楽しみたい方や別荘として古民家を改造されたり、敷地が広いので陶芸やパン工房などをされるのもおすすめです。
今では珍しい五右衛門風呂や火鉢・掘りごたつなどもあります。
※住居表示：求菩提12の奥になります。",福岡県,800,,福岡県豊前市大字求菩提,ＪＲ日豊本線「豊前松江」車1.6km,,102,4K+S（納戸）,856.58,80.16,5845,駐車場：カースペース,great,,https://inaka.suumo.jp/chukoikkodate/__JJ_JJ010FJ100_arz1090z2bsz1021z2fmlgz1t001z2ncz187095267z2scz140214z2taz140z2tbcz180.html,https://img01.suumo.com/jj/resizeImage?src=gazo%2Fbukken%2F090%2FN010000%2Fimg%2F267%2F87095267%2F87095267_0015.jpg&w=500,https://img01.suumo.com/jj/resizeImage?src=gazo%2Fbukken%2F090%2FN010000%2Fimg%2F267%2F87095267%2F87095267_0003.jpg&w=500,https://img01.suumo.com/jj/resizeImage?src=gazo%2Fbukken%2F090%2FN010000%2Fimg%2F267%2F87095267%2F87095267_0011.jpg&w=500,https://img01.suumo.com/jj/resizeImage?src=gazo%2Fbukken%2F090%2FN010000%2Fimg%2F267%2F87095267%2F87095267_0009.jpg&w=500,
長坂町白井沢,"レインボーラインから直ぐの好立地。建物は築４３年と古いが、土間のあるユニークな間取り。
敷地が３０２坪と広く、隣接地には家屋がない。
建物は築年数こそ経過していますが、非常に面白い間取りで当時にしては斬新な
建築であったことがうかがえます。梁と柱を強調した造りで、今の時代でも十分
通用する空間デザインとなっています。
さすがに古い建物ですので修繕が必要な箇所もあるでしょうし、冬場の快適な利
用は厳しいかもしれません。ただ、今の建物を活かしてうまくリフォームをすれ
ば、とても面白い物件になるものと思います。
小規模なカフェなどご商売をお考えの方にもお勧めしますが、複数台の駐車スペ
ースを確保するには土地造成が必要となるでしょう。
標高：約930ｍ

※敷地の西側と北側の隣接地には太陽光発電施設があります
※リフォーム必須",山梨県,800,,山梨県北杜市長坂町白井沢,ＪＲ小海線「甲斐小泉」歩19分,,44,2LDK+S（納戸）,1000,93.16,27030,設備：公営水道、個別浄化槽、個別LPG、駐車場：カースペース,great,,https://inaka.suumo.jp/chukoikkodate/__JJ_JJ010FJ100_arz1040z2bsz1021z2fmlgz1t001z2ncz189151097z2scz119209z2taz119z2tbcz180.html,https://img01.suumo.com/jj/resizeImage?src=gazo%2Fbukken%2F040%2FN010000%2Fimg%2F097%2F89151097%2F89151097_0032.jpg&w=500,https://img01.suumo.com/jj/resizeImage?src=gazo%2Fbukken%2F040%2FN010000%2Fimg%2F097%2F89151097%2F89151097_0021.jpg&w=500,https://img01.suumo.com/jj/resizeImage?src=gazo%2Fbukken%2F040%2FN010000%2Fimg%2F097%2F89151097%2F89151097_0031.jpg&w=500,https://img01.suumo.com/jj/resizeImage?src=gazo%2Fbukken%2F040%2FN010000%2Fimg%2F097%2F89151097%2F89151097_0033.jpg&w=500,
西原町（粟津駅）,"オール電化の中古住宅です。太陽光発電システムも完備してます（年間約15万円収益実績あり）。
静かに暮らしたい方、家族の多いご家庭、貸家にお住まいの方などにオススメです。
オール電化物件です。水廻り設備一部リフォーム済みです。
太陽光発電設備が完備されていますので、光熱費を抑えられ経済的です。余剰電力の買取が受けられます。年間約１５万円。",石川県,820,,石川県小松市西原町,ＪＲ北陸本線「粟津」歩56分,,53,11DK,409.91,328.9,24077,設備：公営水道、本下水、オール電化、駐車場：車庫,great,,https://inaka.suumo.jp/chukoikkodate/__JJ_JJ010FJ100_arz1040z2bsz1021z2fmlgz1t001z2ncz189212153z2scz117203z2taz117z2tbcz180.html,https://img01.suumo.com/jj/resizeImage?src=gazo%2Fbukken%2F040%2FN010000%2Fimg%2F153%2F89212153%2F89212153_0008.jpg&w=500,https://img01.suumo.com/jj/resizeImage?src=gazo%2Fbukken%2F040%2FN010000%2Fimg%2F153%2F89212153%2F89212153_0002.jpg&w=500,https://img01.suumo.com/jj/resizeImage?src=gazo%2Fbukken%2F040%2FN010000%2Fimg%2F153%2F89212153%2F89212153_0003.jpg&w=500,https://img01.suumo.com/jj/resizeImage?src=gazo%2Fbukken%2F040%2FN010000%2Fimg%2F153%2F89212153%2F89212153_0023.jpg&w=500,
道志村,"いろり付きの懐かしい古民家風物件。
敷地内には畑付き。周囲集落となっていますので寂しくありません。
椿の湯（温泉・宿泊施設）まで2.5km、車で10分ほどです。
物件は少し高台に位置し、周りは草木で囲まれ隠れ家的な雰囲気です。

◆古民家風物件
◆敷地内に畑付き、日当たり良好！
◆土地は広々230坪あり
◆周辺には定住者の物件が多く、集落となっているので寂しくありません",山梨県,980,,山梨県南都留郡道志村,富士急行「都留市」車23km,,18,3LDK,759,80.7,36770,設備：公営水道、個別浄化槽、個別LPG、駐車場：カースペース,great,,https://inaka.suumo.jp/chukoikkodate/__JJ_JJ010FJ100_arz1040z2bsz1021z2fmlgz1t001z2ncz187566835z2scz119420z2taz119z2tbcz180.html,https://img01.suumo.com/jj/resizeImage?src=gazo%2Fbukken%2F040%2FN010000%2Fimg%2F835%2F87566835%2F87566835_0018.jpg&w=500,https://img01.suumo.com/jj/resizeImage?src=gazo%2Fbukken%2F040%2FN010000%2Fimg%2F835%2F87566835%2F87566835_0002.jpg&w=500,https://img01.suumo.com/jj/resizeImage?src=gazo%2Fbukken%2F040%2FN010000%2Fimg%2F835%2F87566835%2F87566835_0013.jpg&w=500,https://img01.suumo.com/jj/resizeImage?src=gazo%2Fbukken%2F040%2FN010000%2Fimg%2F835%2F87566835%2F87566835_0010.jpg&w=500,
荒川上田野（武州中川駅）,"土地100坪以上、家庭菜園、南側道路面す、古民家風、陽当り良好、温水洗浄便座、駐車３台以上可、即入居可、山が見える、南向き、和室、整形地、庭１０坪以上、庭、自然素材使用、
本物件は秩父市荒川上田野に位置する広い土地＆古家付きの物件です。
立地条件も申し分なく市役所支所のすぐ裏手にあり、街中すぎずに山奥すぎずの田舎暮らしには非常に好条件の物件になります。家屋も情緒のある明治元年に建築されその後、S３３年と５５年に増改築され手入れの行き届いた家屋なので特に手直しを施す箇所はないので、非常に稀少な物件だと思います。
詳しくは「ちちぶ住む家バンク」を参照して下さい。
http://www.chichibu-sumuie.net/riyou/r-syousai.php?id=432",埼玉県,980,,埼玉県秩父市荒川上田野,"秩父鉄道「武州中川」歩9分
秩父鉄道「武州日野」歩15分
",,150,7DK,554.78,198.33,-11626,設備：公営水道、個別浄化槽、個別LPG,great,,https://inaka.suumo.jp/chukoikkodate/__JJ_JJ010FJ100_arz1030z2bsz1021z2fmlgz1t001z2ncz187828467z2scz111207z2taz111z2tbcz180.html,https://img01.suumo.com/jj/resizeImage?src=gazo%2Fbukken%2F030%2FN010000%2Fimg%2F467%2F87828467%2F87828467_0001.jpg&w=500,https://img01.suumo.com/jj/resizeImage?src=gazo%2Fbukken%2F030%2FN010000%2Fimg%2F467%2F87828467%2F87828467_0002.jpg&w=500,https://img01.suumo.com/jj/resizeImage?src=gazo%2Fbukken%2F030%2FN010000%2Fimg%2F467%2F87828467%2F87828467_0003.jpg&w=500,https://img01.suumo.com/jj/resizeImage?src=gazo%2Fbukken%2F030%2FN010000%2Fimg%2F467%2F87828467%2F87828467_0006.jpg&w=500,
長坂町中丸（長坂駅）,駐車３台以上可 / 土地100坪以上 / ゴルフ場が近い / 南向き / 陽当り良好 / 和室 / 整形地 / 庭１０坪以上 / 家庭菜園 / 浴室に窓 / 全居室６畳以上 / 平坦地 / 古民家風,山梨県,980,,山梨県北杜市長坂町中丸,ＪＲ中央線「長坂」歩31分,,37,4DK,866,97.09,29677,設備：公営水道、個別浄化槽、個別LPG、駐車場：カースペース,great,,https://inaka.suumo.jp/chukoikkodate/__JJ_JJ010FJ100_arz1040z2bsz1021z2fmlgz1t001z2ncz188833706z2scz119209z2taz119z2tbcz180.html,https://img01.suumo.com/jj/resizeImage?src=gazo%2Fbukken%2F040%2FN010000%2Fimg%2F706%2F88833706%2F88833706_0001.jpg&w=500,https://img01.suumo.com/jj/resizeImage?src=gazo%2Fbukken%2F040%2FN010000%2Fimg%2F706%2F88833706%2F88833706_0002.jpg&w=500,https://img01.suumo.com/jj/resizeImage?src=gazo%2Fbukken%2F040%2FN010000%2Fimg%2F706%2F88833706%2F88833706_0004.jpg&w=500,https://img01.suumo.com/jj/resizeImage?src=gazo%2Fbukken%2F040%2FN010000%2Fimg%2F706%2F88833706%2F88833706_0011.jpg&w=500,
水口,"■再生古民家■平成１８年内外装リフォーム済み■建物９２坪■田舎暮らし
古民家風、内外装リフォーム、山が見える、ＬＤＫ２０畳以上、庭１０坪以上、土地100坪以上、駐車３台以上可、即入居可、スキー場が近い、陽当り良好、閑静な住宅地、整形地、田園風景、家庭菜園、トイレ２ヶ所、浴室１坪以上、２階建、温水洗浄便座、通風良好、眺望良好、高台に立地、隣家との間隔が大きい、平坦地、畑",山梨県,1080,,山梨県山梨市水口,ＪＲ中央線「山梨市」車6km,,56,6LDK,503.89,304.72,22767,設備：公営水道、個別浄化槽、個別LPG、駐車場：カースペース,great,,https://inaka.suumo.jp/chukoikkodate/__JJ_JJ010FJ100_arz1040z2bsz1021z2fmlgz1t001z2ncz166522041z2scz119205z2taz119z2tbcz180.html,https://img01.suumo.com/jj/resizeImage?src=gazo%2Fbukken%2F040%2FN010000%2Fimg%2F026%2F53002026%2F53002026_0001.jpg&w=500,https://img01.suumo.com/jj/resizeImage?src=gazo%2Fbukken%2F040%2FN010000%2Fimg%2F026%2F53002026%2F53002026_0002.jpg&w=500,https://img01.suumo.com/jj/resizeImage?src=gazo%2Fbukken%2F040%2FN010000%2Fimg%2F026%2F53002026%2F53002026_0012.jpg&w=500,https://img01.suumo.com/jj/resizeImage?src=gazo%2Fbukken%2F040%2FN010000%2Fimg%2F026%2F53002026%2F53002026_0013.jpg&w=500,
永井町（大聖寺駅）,"■リフォーム内容
□外構工事
庭（砕石敷き・草木伐採）/外壁塗装/玄関鍵・照明交換・インターホン新設
□内装工事
照明一部交換/シューズボックス交換/壁・天井クロス一部張替え//畳表替え/襖・商事張替え/LDK新設/間取り一部変更/キッチン・ユニットバス・トイレ・洗面化粧台交換/防蟻工事（施工後5年保証）",石川県,1198,,石川県加賀市永井町五六97,ＪＲ北陸本線「大聖寺」歩72分,,30,6LDK+S（納戸）,657.85,152.33,32295,設備：公営水道、個別浄化槽、個別LPG、駐車場：カースペース,great,,https://inaka.suumo.jp/chukoikkodate/__JJ_JJ010FJ100_arz1040z2bsz1021z2fmlgz1t001z2ncz188047642z2scz117206z2taz117z2tbcz180.html,https://img01.suumo.com/jj/resizeImage?src=gazo%2Fbukken%2F040%2FN010000%2Fimg%2F642%2F88047642%2F88047642_0213.jpg&w=500,https://img01.suumo.com/jj/resizeImage?src=gazo%2Fbukken%2F040%2FN010000%2Fimg%2F642%2F88047642%2F88047642_0193.jpg&w=500,https://img01.suumo.com/jj/resizeImage?src=gazo%2Fbukken%2F040%2FN010000%2Fimg%2F642%2F88047642%2F88047642_0075.jpg&w=500,https://img01.suumo.com/jj/resizeImage?src=gazo%2Fbukken%2F040%2FN010000%2Fimg%2F642%2F88047642%2F88047642_0180.jpg&w=500,
大字軽井沢（軽井沢駅）,"
軽井沢銀座までも徒歩圏の物件です。
デッキからは、浅間山が正面に見え、太陽の森の別荘地の中では大変素晴らしい立地にあります。
建物も十分使えます。
「軽井沢」住所の中古物件になります。
太陽の森の別荘地の中で代表するような立地に建っています。
冬場でも、別荘地の管理棟に一番近い物件になりますので、駐車場も確保でき利用可能だと思います。
軽井沢銀座正面へと続く道の途中を万ペイホテルに向かっていった先に太陽の森別荘地があります。
当物件も一部傾斜地になりますが、道路面からはフラットで建物へアクセスできます。
浅間山正面にデッキが広がっていますので、大変よい眺望が確保できると思います。
キッチン・浴室・洗面・トイレ等の水回りは古いものの利用は可能ですが、
できれば新規リフォームしたほうが良いかもしれません。
現地の内見もできます。",長野県,1250,,長野県北佐久郡軽井沢町大字軽井沢,しなの鉄道「軽井沢」歩33分,,,3LDK,998.84,78.66,29037,設備：私設水道、個別浄化槽、個別LPG、駐車場：カースペース,great,,https://inaka.suumo.jp/chukoikkodate/__JJ_JJ010FJ100_arz1040z2bsz1021z2ncz188992286z2scz120320z2taz120.html,https://img01.suumo.com/jj/resizeImage?src=gazo%2Fbukken%2F040%2FN010000%2Fimg%2F286%2F88992286%2F88992286_0001.jpg&w=500,https://img01.suumo.com/jj/resizeImage?src=gazo%2Fbukken%2F040%2FN010000%2Fimg%2F286%2F88992286%2F88992286_0002.jpg&w=500,https://img01.suumo.com/jj/resizeImage?src=gazo%2Fbukken%2F040%2FN010000%2Fimg%2F286%2F88992286%2F88992286_0003.jpg&w=500,https://img01.suumo.com/jj/resizeImage?src=gazo%2Fbukken%2F040%2FN010000%2Fimg%2F286%2F88992286%2F88992286_0005.jpg&w=500,
二丈波呂（一貴山駅）,"大幅価格改定！
確定測量渡し！
250坪以上の広大な土地で田舎暮らしをしてみませんか？
きれいな井戸水で作物作って自給自足！
自然と調和した暮らしをしてみませんか？

現況渡しですが確定測量は売主が行いますので境界は安全です。

自然いっぱいの豊かな環境です。

都会の喧騒を忘れてのんびり過ごしませんか？

大変水のきれいな環境ですので家庭菜園にはオススメです！

山林も所有されておりますので、筍堀などはいかがですか？",福岡県,1255,,福岡県糸島市二丈波呂,ＪＲ筑肥線「一貴山」歩38分,,,5DK,837.06,142.96,4384,設備：井戸、個別LPG、駐車場：カースペース,great,,https://inaka.suumo.jp/chukoikkodate/__JJ_JJ010FJ100_arz1090z2bsz1021z2fmlgz1t001z2ncz189668773z2scz140230z2taz140z2tbcz180.html,https://img01.suumo.com/jj/resizeImage?src=gazo%2Fbukken%2F090%2FN010000%2Fimg%2F773%2F89668773%2F89668773_0001.jpg&w=500,https://img01.suumo.com/jj/resizeImage?src=gazo%2Fbukken%2F090%2FN010000%2Fimg%2F773%2F89668773%2F89668773_0002.jpg&w=500,https://img01.suumo.com/jj/resizeImage?src=gazo%2Fbukken%2F090%2FN010000%2Fimg%2F773%2F89668773%2F89668773_0003.jpg&w=500,https://img01.suumo.com/jj/resizeImage?src=gazo%2Fbukken%2F090%2FN010000%2Fimg%2F773%2F89668773%2F89668773_0006.jpg&w=500,
庄瀬,"土地100坪以上、内外装リフォーム、古民家風、角地、南側道路面す、ＬＤＫ１５畳以上、駐車３台以上可、即入居可、システムキッチン、陽当り良好、和室、トイレ２ヶ所、２階建
■町屋風古民家を再生しました！　■バス停「庄瀬四ツ角」約180m　■土地約261坪　■南東角地　■リフォーム済（H29.9外壁塗装・水廻新品入替etc）　■9LDK・LDK約16帖・システムキッチン　■駐車場6台可、JR信越本線「田上」駅約4km・小学校約750m・中学校約3km",新潟県,1380,,新潟県新潟市南区,上越新幹線「新潟」車4km,,,9LDK,270.31,864,37257,設備：公営水道、個別浄化槽、都市ガス、駐車場：カースペース,great,,https://inaka.suumo.jp/chukoikkodate/__JJ_JJ010FJ100_arz1040z2bsz1021z2fmlgz1t001z2ncz188728277z2scz115106z2taz115z2tbcz180.html,https://img01.suumo.com/jj/resizeImage?src=gazo%2Fbukken%2F040%2FN010000%2Fimg%2F277%2F88728277%2F88728277_0003.jpg&w=500,https://img01.suumo.com/jj/resizeImage?src=gazo%2Fbukken%2F040%2FN010000%2Fimg%2F277%2F88728277%2F88728277_0002.jpg&w=500,https://img01.suumo.com/jj/resizeImage?src=gazo%2Fbukken%2F040%2FN010000%2Fimg%2F277%2F88728277%2F88728277_0001.jpg&w=500,https://img01.suumo.com/jj/resizeImage?src=gazo%2Fbukken%2F040%2FN010000%2Fimg%2F277%2F88728277%2F88728277_0008.jpg&w=500,
峰岡,"土地100坪以上、内外装リフォーム、山が見える、眺望良好、角地、庭、駐車３台以上可、即入居可、ＬＤＫ１８畳以上、システムキッチン、陽当り良好、和室、トイレ２ヶ所
■美しい自然・角田山一望　■三根山藩址公園約800m　■峰岡郵便局約300m　■古民家再生（平家建）　■土地約226坪・庭付　■リフォーム済（H30.5外壁塗装・水廻一部新品交換etc）　■3LDK・LDK約18帖・システムキッチン　■駐車場4台可　■JR越後線「巻」駅約5.1km・小学校約4.5km・中学校約6.4km・ローソン巻鷲ノ木店約1.1km",新潟県,1380,,新潟県新潟市西蒲区峰岡,ＪＲ越後線「巻」車5.1km,,,3LDK,747.23,139.11,9863,設備：公営水道、個別浄化槽、都市ガス、駐車場：車庫,great,,https://inaka.suumo.jp/chukoikkodate/__JJ_JJ010FJ100_arz1040z2bsz1021z2fmlgz1t001z2ncz190023235z2scz115108z2taz115z2tbcz180.html,https://img01.suumo.com/jj/resizeImage?src=gazo%2Fbukken%2F040%2FN010000%2Fimg%2F235%2F90023235%2F90023235_0001.jpg&w=500,https://img01.suumo.com/jj/resizeImage?src=gazo%2Fbukken%2F040%2FN010000%2Fimg%2F235%2F90023235%2F90023235_0002.jpg&w=500,https://img01.suumo.com/jj/resizeImage?src=gazo%2Fbukken%2F040%2FN010000%2Fimg%2F235%2F90023235%2F90023235_0007.jpg&w=500,https://img01.suumo.com/jj/resizeImage?src=gazo%2Fbukken%2F040%2FN010000%2Fimg%2F235%2F90023235%2F90023235_0020.jpg&w=500,
大字伊保田,大正２年建築後、近年までリフォーム修繕を幾度となく繰り返し手入れが行き届いた古民家です。,山口県,1500,,山口県大島郡周防大島町大字伊保田,防長バス「油田郵便局」歩1分,,,9DK,1897.12,432,4962,設備：公営水道、個別浄化槽、個別LPG,great,,https://inaka.suumo.jp/chukoikkodate/__JJ_JJ010FJ100_arz1080z2bsz1021z2fmlgz1t001z2ncz188988772z2scz135300z2taz135z2tbcz180.html,https://img01.suumo.com/jj/resizeImage?src=gazo%2Fbukken%2F080%2FN010000%2Fimg%2F772%2F88988772%2F88988772_0010.jpg&w=500,https://img01.suumo.com/jj/resizeImage?src=gazo%2Fbukken%2F080%2FN010000%2Fimg%2F772%2F88988772%2F88988772_0007.jpg&w=500,https://img01.suumo.com/jj/resizeImage?src=gazo%2Fbukken%2F080%2FN010000%2Fimg%2F772%2F88988772%2F88988772_0003.jpg&w=500,https://img01.suumo.com/jj/resizeImage?src=gazo%2Fbukken%2F080%2FN010000%2Fimg%2F772%2F88988772%2F88988772_0008.jpg&w=500,
宇佐美(宇佐美駅),"宇佐美駅徒歩圏内、敷地平坦、陽当り良好！趣きある古民家風の平家建。庭も広く、家庭菜園等楽しめます。また、建物裏手の敷地に別棟があります。
■宇佐美海水浴場に近く。
■海抜は50mあります。
■裏庭：約142m2。別棟：木造平家建、9.18平米。",静岡県,1530,,静岡県伊東市宇佐美,ＪＲ伊東線「宇佐美」歩15分,,,2K+S（納戸）,346.81,78.9,32478,設備：公営水道、個別浄化槽、個別LPG、駐車場：無,great,,https://inaka.suumo.jp/chukoikkodate/__JJ_JJ010FJ100_arz1050z2bsz1021z2ncz166520995z2scz122208z2taz122.html,https://img01.suumo.com/jj/resizeImage?src=gazo%2Fbukken%2F050%2FN010000%2Fimg%2F003%2F53000003%2F53000003_0005.jpg&w=500,https://img01.suumo.com/jj/resizeImage?src=gazo%2Fbukken%2F050%2FN010000%2Fimg%2F003%2F53000003%2F53000003_0008.jpg&w=500,https://img01.suumo.com/jj/resizeImage?src=gazo%2Fbukken%2F050%2FN010000%2Fimg%2F003%2F53000003%2F53000003_0004.jpg&w=500,https://img01.suumo.com/jj/resizeImage?src=gazo%2Fbukken%2F050%2FN010000%2Fimg%2F003%2F53000003%2F53000003_0022.jpg&w=500,
東三谷（打田駅）,"◆土地面積は広々の179.5坪。
◆駐車4台可能
◆部屋数も豊富で、母屋は5LDK・別宅には和室2部屋♪
【おススメPoint】
土地面積は広々の179.5坪。
木造瓦葺の平屋建。
畳は本間仕様です♪
建物面積は約39.64坪。
駐車スペースも4台可！
周辺環境も良く、近くにはコメリやスーパー・コンビニもあり
生活至便となっております。
古民家カフェや移住して農業を始めようとお考えの方にもおすすめです♪

【備考】
固定資産税額：57361円/年
別宅築年月日：平成7年築

■資料請求・見学予約など詳しくは　（株）リウイルトラスト泉南店（0120-939-840）　までお気軽にお問い合わせ下さい",和歌山県,1580,,和歌山県紀の川市東三谷,ＪＲ和歌山線「打田」歩36分,,,7LDK,593.39,131.05,24624,設備：公営水道、個別LPG、駐車場：カースペース,,,https://inaka.suumo.jp/chukoikkodate/__JJ_JJ010FJ100_arz1060z2bsz1021z2ncz189705888z2scz130208z2taz130.html,https://img01.suumo.com/jj/resizeImage?src=gazo%2Fbukken%2F060%2FN010000%2Fimg%2F888%2F89705888%2F89705888_0007.jpg&w=500,https://img01.suumo.com/jj/resizeImage?src=gazo%2Fbukken%2F060%2FN010000%2Fimg%2F888%2F89705888%2F89705888_0005.jpg&w=500,https://img01.suumo.com/jj/resizeImage?src=gazo%2Fbukken%2F060%2FN010000%2Fimg%2F888%2F89705888%2F89705888_0008.jpg&w=500,https://img01.suumo.com/jj/resizeImage?src=gazo%2Fbukken%2F060%2FN010000%2Fimg%2F888%2F89705888%2F89705888_0006.jpg&w=500,
大井,"■築80年以上の趣きある和風古民家！
■1000坪以上の広大な敷地！
■自給自足の田舎暮らし！",千葉県,1600,,千葉県南房総市大井,ＪＲ内房線「南三原」車13km,,,4DK,3584.67,133.05,13516,設備：公営水道,,,https://inaka.suumo.jp/chukoikkodate/__JJ_JJ010FJ100_arz1030z2bsz1021z2ncz188428202z2scz112234z2taz112.html,https://img01.suumo.com/jj/resizeImage?src=gazo%2Fbukken%2F030%2FN010000%2Fimg%2F202%2F88428202%2F88428202_0001.jpg&w=500,https://img01.suumo.com/jj/resizeImage?src=gazo%2Fbukken%2F030%2FN010000%2Fimg%2F202%2F88428202%2F88428202_0003.jpg&w=500,https://img01.suumo.com/jj/resizeImage?src=gazo%2Fbukken%2F030%2FN010000%2Fimg%2F202%2F88428202%2F88428202_0006.jpg&w=500,https://img01.suumo.com/jj/resizeImage?src=gazo%2Fbukken%2F030%2FN010000%2Fimg%2F202%2F88428202%2F88428202_0004.jpg&w=500,
須山,"中は素敵な和風建築、外はお洒落な平屋建て
田舎ののんびりした、自然あふれる住宅。
広大な敷地です。",静岡県,1800,,静岡県裾野市須山,富士急行「十里木高原７丁目」歩5分,,,2LDK+2S（納戸）,720,87.07,38777,設備：公営水道、集中浄化槽、集中LPG,,,https://inaka.suumo.jp/chukoikkodate/__JJ_JJ010FJ100_arz1050z2bsz1021z2ncz188400554z2scz122220z2taz122.html,https://img01.suumo.com/jj/resizeImage?src=gazo%2Fbukken%2F050%2FN010000%2Fimg%2F554%2F88400554%2F88400554_0005.jpg&w=500,https://img01.suumo.com/jj/resizeImage?src=gazo%2Fbukken%2F050%2FN010000%2Fimg%2F554%2F88400554%2F88400554_0007.jpg&w=500,https://img01.suumo.com/jj/resizeImage?src=gazo%2Fbukken%2F050%2FN010000%2Fimg%2F554%2F88400554%2F88400554_0001.jpg&w=500,https://img01.suumo.com/jj/resizeImage?src=gazo%2Fbukken%2F050%2FN010000%2Fimg%2F554%2F88400554%2F88400554_0003.jpg&w=500,
大字羽生田（羽生田駅）,"土地100坪以上、内外装リフォーム、古民家風、庭、駐車３台以上可、角地、即入居可、システムキッチン、陽当り良好、南側道路面す、和室、トイレ２ヶ所、２階建、温水洗浄便座
■羽生田公民館徒歩1分　■羽生田郵便局至近（約180m）　■ウエルシア約290m　■広大な敷地（約488坪）　■重厚な蔵付き古民家　■広い庭園あり　■車庫×2・物置×2　■リフォーム済（H30.3外壁塗装・クロス張替etc）　■12LDK＋フリースペース26.9帖＋ホール12.2帖　■LDK約12.2帖・システムキッチン　■駐車場5台可　■JR信越本線「羽生田」駅約600m・小学校約750m・中学校約1.3km",新潟県,1930,,新潟県南蒲原郡田上町大字羽生田,ＪＲ信越本線「羽生田」歩8分,,,12LDK,1614.89,377.37,1950年1月,設備：公営水道、個別浄化槽、都市ガス、駐車場：車庫,great,,https://inaka.suumo.jp/chukoikkodate/__JJ_JJ010FJ100_arz1040z2bsz1021z2ncz189705646z2scz115360z2taz115.html,https://img01.suumo.com/jj/resizeImage?src=gazo%2Fbukken%2F040%2FN010000%2Fimg%2F646%2F89705646%2F89705646_0001.jpg&w=500,https://img01.suumo.com/jj/resizeImage?src=gazo%2Fbukken%2F040%2FN010000%2Fimg%2F646%2F89705646%2F89705646_0002.jpg&w=500,https://img01.suumo.com/jj/resizeImage?src=gazo%2Fbukken%2F040%2FN010000%2Fimg%2F646%2F89705646%2F89705646_0003.jpg&w=500,https://img01.suumo.com/jj/resizeImage?src=gazo%2Fbukken%2F040%2FN010000%2Fimg%2F646%2F89705646%2F89705646_0010.jpg&w=500,
粟野町,"お得な売主物件。住宅ローン控除・住まい給付金対象【5年間1000万円瑕疵保険付】、古民家風再生住宅。区域指定地域どなたでも再建築可能。
【すべての画像解説付きです】
瑕疵保険（国交省指定）保証付、白アリ保証付き、
昭和60年築の為厳密には古民家とは言えませんが外観、素材、間取りなど古民家そのものです。
内外装リフォーム、土地４３０坪、浴室乾燥機、眺望良好、古民家風、即入居可、山が見える、ゴルフ場が近い、南向き、システムキッチン、陽当り良好、ＬＤＫ１５畳以上、前道６ｍ以上、家庭菜園、シャワー付洗面化粧台、対面式キッチン、浴室１坪以上、温水洗浄便座、南庭、床下収納、リノベーション、通風良好、
生鮮食料品の購入は、車使用（約5分）、生協などの配達になります。
小学校は、スクールバスによる通学になります。
土浦北インター３ｋｍ
カーナビ入力【土浦市粟野町1830",茨城県,2090,,茨城県土浦市粟野町1830,ＪＲ常磐線「土浦」車7.9km,,,7LDK,1421.60,168.3,1985年1月,設備：公営水道、個別浄化槽、個別LPG、建築許可理由：調整区域につき建築許可要、建築確認番号：56.12.17土建845、駐車場：カースペース,great,,https://inaka.suumo.jp/chukoikkodate/__JJ_JJ010FJ100_arz1030z2bsz1021z2ncz188461023z2scz108203z2taz108.html,https://img01.suumo.com/jj/resizeImage?src=gazo%2Fbukken%2F030%2FN010000%2Fimg%2F023%2F88461023%2F88461023_0001.jpg&w=500,https://img01.suumo.com/jj/resizeImage?src=gazo%2Fbukken%2F030%2FN010000%2Fimg%2F023%2F88461023%2F88461023_0002.jpg&w=500,https://img01.suumo.com/jj/resizeImage?src=gazo%2Fbukken%2F030%2FN010000%2Fimg%2F023%2F88461023%2F88461023_0005.jpg&w=500,https://img01.suumo.com/jj/resizeImage?src=gazo%2Fbukken%2F030%2FN010000%2Fimg%2F023%2F88461023%2F88461023_0027.jpg&w=500,
富浦町青木,"■囲炉裏・薪ストーブ付き！
■リフォーム済！",千葉県,2180,,千葉県南房総市富浦町青木,ＪＲ内房線「富浦」車5km,,,3LDK,5502.48,107.43,1941年1月,,great,,https://inaka.suumo.jp/chukoikkodate/__JJ_JJ010FJ100_arz1030z2bsz1021z2ncz186618187z2scz112234z2taz112.html,https://img01.suumo.com/jj/resizeImage?src=gazo%2Fbukken%2F030%2FN010000%2Fimg%2F187%2F86618187%2F86618187_0001.jpg&w=500,https://img01.suumo.com/jj/resizeImage?src=gazo%2Fbukken%2F030%2FN010000%2Fimg%2F187%2F86618187%2F86618187_0002.jpg&w=500,https://img01.suumo.com/jj/resizeImage?src=gazo%2Fbukken%2F030%2FN010000%2Fimg%2F187%2F86618187%2F86618187_0003.jpg&w=500,https://img01.suumo.com/jj/resizeImage?src=gazo%2Fbukken%2F030%2FN010000%2Fimg%2F187%2F86618187%2F86618187_0006.jpg&w=500,
甲斐元町 ,"都城市役所からも近い場所にある希少物件です。平成22年に大幅改築もされてます。和室は古民家風の情緒ある空間があり、小料理屋にも向く物件です。敷地は横に長く東側のスペースが
東の敷地には、別棟を建てられるスペースもあります。２世帯目の生活も確保できる敷地です。ゆとりの時を奏でる好ロケーション 、陽光ふりそそぐ明るい室内 。さわやかな風が吹きぬける甲斐元町、住環境良好、室内は大変静かです 。優雅な時間が流れる閑静な邸宅、描いていた暮らしが始まる家。優雅さ漂う外観 、室内外リフォーム済につき大変きれいです 。使い勝手の良い振分けタイプの間取りです。モダンレトロな造り、ゆとりある居住空間 。品格のアルモザイクタイル張りの流し、暮らす人をやさしく包み込むくつろぎの家がここにあります、何か資産をお持ちになりたい方に 、「和」の美しさを昇華した端正な邸宅",宮崎県,2200,,宮崎県都城市甲斐元町,宮崎交通「甲斐元町」歩2分,,,5DK,602.10,119.27,1965年2月,設備：公営水道、本下水,great,,https://inaka.suumo.jp/chukoikkodate/__JJ_JJ010FJ100_arz1090z2bsz1021z2ncz187899383z2scz145202z2taz145.html,https://inaka.suumo.jp/chukoikkodate/__JJ_JJ010FJ100_arz1090z2bsz1021z2ncz187899383z2scz145202z2taz145.html,https://img01.suumo.com/jj/resizeImage?src=gazo%2Fbukken%2F090%2FN010000%2Fimg%2F383%2F87899383%2F87899383_0002.jpg&w=500,https://img01.suumo.com/jj/resizeImage?src=gazo%2Fbukken%2F090%2FN010000%2Fimg%2F383%2F87899383%2F87899383_0003.jpg&w=500,https://img01.suumo.com/jj/resizeImage?src=gazo%2Fbukken%2F090%2FN010000%2Fimg%2F383%2F87899383%2F87899383_0004.jpg&w=500,
中台桜梅,"果樹園・菜園併せた敷地300坪超の古民家風住宅
オール電化・高気密高断熱のバリアフリー住宅",京都府,2280,,京都府船井郡京丹波町中台桜梅,ＪＲ山陰本線「下山」車8.2km,,,3LDK+S（納戸）,1005.00,107.77,2005年8月,設備：公営水道、集中浄化槽、オール電化、駐車場：カースペース,great,,https://inaka.suumo.jp/chukoikkodate/__JJ_JJ010FJ100_arz1060z2bsz1021z2ncz190209525z2scz126400z2taz126.html,https://img01.suumo.com/jj/resizeImage?src=gazo%2Fbukken%2F060%2FN010000%2Fimg%2F525%2F90209525%2F90209525_0001.jpg&w=500,https://img01.suumo.com/jj/resizeImage?src=gazo%2Fbukken%2F060%2FN010000%2Fimg%2F525%2F90209525%2F90209525_0002.jpg&w=500,https://img01.suumo.com/jj/resizeImage?src=gazo%2Fbukken%2F060%2FN010000%2Fimg%2F525%2F90209525%2F90209525_0003.jpg&w=500,https://img01.suumo.com/jj/resizeImage?src=gazo%2Fbukken%2F060%2FN010000%2Fimg%2F525%2F90209525%2F90209525_0004.jpg&w=500,
久米,"◆価格変更！
◆車10台分駐車可能です！
◆風光明媚な古民家です！
◆敷地裏は小川が流れております！
◆中国自動車道社PA迄徒歩約4分！ドッグラン併設もしています◎

※当社提携銀行による110％住宅ローンで、自己資金・頭金0円でご購入出来ます！※

ー5つの欲張り売却サービスー
■急な資金に対応！
　　急な資金の要り用があった場合は貸付をします。
　　ご返済は売却後でOK。
■引越代金全額負担

■保証があるから安心
　　仲介による売却が出来なかった場合、予めお約束していた金額で買取します。
■リフォーム代を立替え
　　『見た目』も大事な不動産売却。リフォームをして売却すればリフォーム費用以上に
　　高く売却する事が可能！お支払は売却後でOK。
■耐震適合証明を無料取得
　　耐震適合証明を発行する事により、より早く有利に売却できる可能性が高くなります。",兵庫県,2330,,兵庫県加東市久米,ＪＲ加古川線「滝野」バス20分久米歩1分,,,13LDK,787.12,470.33,1975年7月,設備：公営水道、本下水、都市ガス、駐車場：カースペース,great,,https://inaka.suumo.jp/chukoikkodate/__JJ_JJ010FJ100_arz1060z2bsz1021z2ncz182406656z2scz128228z2taz128.html,https://img01.suumo.com/jj/resizeImage?src=gazo%2Fbukken%2F060%2FN010000%2Fimg%2F656%2F82406656%2F82406656_0004.jpg&w=500,https://img01.suumo.com/jj/resizeImage?src=gazo%2Fbukken%2F060%2FN010000%2Fimg%2F656%2F82406656%2F82406656_0006.jpg&w=500,https://img01.suumo.com/jj/resizeImage?src=gazo%2Fbukken%2F060%2FN010000%2Fimg%2F656%2F82406656%2F82406656_0009.jpg&w=500,https://img01.suumo.com/jj/resizeImage?src=gazo%2Fbukken%2F060%2FN010000%2Fimg%2F656%2F82406656%2F82406656_0008.jpg&w=500,
王丸（東郷駅）,"土地100坪以上、駐車３台以上可、家庭菜園、畑、南向き、古民家風、駐車２台可、山が見える、システムキッチン、陽当り良好、全居室収納、閑静な住宅地、和室、庭１０坪以上、田園
■敷地面積270.73坪の広々な敷地です。
■室内の設備も充実！床暖房やシステムキッチン・食器棚備え付けです！
■農作業・家庭菜園を検討されてる方に威力の物件です。",福岡県,2440,,福岡県宗像市王丸,ＪＲ鹿児島本線「東郷」歩36分,,,4DK+S（納戸）,895.00,98.88,1983年6月,設備：公営水道、駐車場：カーポート,great,,https://inaka.suumo.jp/chukoikkodate/__JJ_JJ010FJ100_arz1090z2bsz1021z2ncz186486573z2scz140220z2taz140.html,https://img01.suumo.com/jj/resizeImage?src=gazo%2Fbukken%2F090%2FN010000%2Fimg%2F573%2F86486573%2F86486573_0001.jpg&w=500,https://img01.suumo.com/jj/resizeImage?src=gazo%2Fbukken%2F090%2FN010000%2Fimg%2F573%2F86486573%2F86486573_0002.jpg&w=500,https://img01.suumo.com/jj/resizeImage?src=gazo%2Fbukken%2F090%2FN010000%2Fimg%2F573%2F86486573%2F86486573_0003.jpg&w=500,https://img01.suumo.com/jj/resizeImage?src=gazo%2Fbukken%2F090%2FN010000%2Fimg%2F573%2F86486573%2F86486573_0008.jpg&w=500,
南野６（四条畷駅）,"■ケアハウスや研修施設にピッタリです！
■庭がきれいで池や橋などがあります！

古民家風・数寄屋門等があります。
◇川のせせらぎが聞こえます！
◇Ａ・Ｂ・Ｃ号地のまとめ買いも可能です！まとめ買いの場合価格ご相談に応じます！
  

■掲載できない物件や情報もございますので、是非一度お問い合わせください。
■お問い合わせは「0800-815-4893」までお電話下さい。",大阪府,2470,,大阪府四條畷市南野６,ＪＲ片町線「四条畷」歩18分,,,4K,205.00,125.62,1988年7月,設備：公営水道、集中浄化槽、個別LPG、駐車場：カースペース,great,,https://inaka.suumo.jp/chukoikkodate/__JJ_JJ010FJ100_arz1060z2bsz1021z2ncz185911251z2scz127229z2taz127.html,https://img01.suumo.com/jj/resizeImage?src=gazo%2Fbukken%2F060%2FN010000%2Fimg%2F251%2F85911251%2F85911251_0071.jpg&w=500,https://img01.suumo.com/jj/resizeImage?src=gazo%2Fbukken%2F060%2FN010000%2Fimg%2F251%2F85911251%2F85911251_0087.jpg&w=500,https://img01.suumo.com/jj/resizeImage?src=gazo%2Fbukken%2F060%2FN010000%2Fimg%2F251%2F85911251%2F85911251_0073.jpg&w=500,https://img01.suumo.com/jj/resizeImage?src=gazo%2Fbukken%2F060%2FN010000%2Fimg%2F251%2F85911251%2F85911251_0077.jpg&w=500,
苅野 ,"田舎暮らし。
現地は高台。たっぷり入る日差しを満喫できる。
東名高速「大井松田」ＩＣまで８ｋｍ、高速道路も使いやすい場所。
■広々土地６９１m2（２０９坪）　■豊かな緑が雑音を消してくれるよう　■眺めて景色よく、住んで静かな環境　■オープン外構の開放的な街並み、ガーデニング好きの方に　■窓付きで換気の出来る納戸。雛人形・革製品なども安心　■キャンプにスキーにガーデニング。多趣味なご家族に外部物置は重宝します　■無垢材、太い梁、強くて優しい木の家　■売主様退去済みですので、気兼ねなくご見学いただけます　■気になる税金、契約諸費用について一からご説明致します　",神奈川県,2480,,神奈川県南足柄市苅野,伊豆箱根大雄山線「大雄山」バス5分北幼稚園前歩1分,,,7DK,691.02,209.88,1978年11月,設備：公営水道、個別浄化槽、個別LPG、駐車場：カースペース,great,,https://inaka.suumo.jp/chukoikkodate/__JJ_JJ010FJ100_arz1030z2bsz1021z2ncz187172999z2scz114217z2taz114.html,https://img01.suumo.com/jj/resizeImage?src=gazo%2Fbukken%2F030%2FN010000%2Fimg%2F999%2F87172999%2F87172999_0001.jpg&w=500,https://img01.suumo.com/jj/resizeImage?src=gazo%2Fbukken%2F030%2FN010000%2Fimg%2F999%2F87172999%2F87172999_0002.jpg&w=500,https://img01.suumo.com/jj/resizeImage?src=gazo%2Fbukken%2F030%2FN010000%2Fimg%2F999%2F87172999%2F87172999_0007.jpg&w=500,https://img01.suumo.com/jj/resizeImage?src=gazo%2Fbukken%2F030%2FN010000%2Fimg%2F999%2F87172999%2F87172999_0014.jpg&w=500,
白石郷 ,"築８２年の古民家を最新の設備でリノベーションしました。重厚感ある外観ながら現代のライフスタイルに合った動線を確保しています。ご見学可能です。ご連絡下さい。
■築８３年の古民家をフルリノベーションしました。
　外観は、スタイリッシュな色合いと重厚感有る雰囲気です。

■駐車場への坂道を拡幅し駐車場もコンクリートで舗装します。乗り入れが楽になります。（6月完成予定）

■駐車スペースは４台以上確保しています。

■水まわり設備は全てパナソニック製品を採用しています。

■この物件は耐震適合改修済み物件です。
　５年間の、中古住宅かし保険（ＪＩＯ）　付き物件となります。
　住宅ローン控除・すまい給付金・不動産取得税の減額措置などを
　受けることが可能です。",長崎県,2490,,長崎県東彼杵郡川棚町白石郷,西肥バス「白石バス」歩2分,,,4LDK+S（納戸）,555.52,168.59,1934年1月,設備：公営水道、集中浄化槽、オール電化、駐車場：カースペース,great,,https://inaka.suumo.jp/chukoikkodate/__JJ_JJ010FJ100_arz1090z2bsz1021z2ncz189643184z2scz142320z2taz142.html,https://img01.suumo.com/jj/resizeImage?src=gazo%2Fbukken%2F090%2FN010000%2Fimg%2F184%2F89643184%2F89643184_0001.jpg&w=500,https://img01.suumo.com/jj/resizeImage?src=gazo%2Fbukken%2F090%2FN010000%2Fimg%2F184%2F89643184%2F89643184_0002.jpg&w=500,https://img01.suumo.com/jj/resizeImage?src=gazo%2Fbukken%2F090%2FN010000%2Fimg%2F184%2F89643184%2F89643184_0003.jpg&w=500,https://img01.suumo.com/jj/resizeImage?src=gazo%2Fbukken%2F090%2FN010000%2Fimg%2F184%2F89643184%2F89643184_0004.jpg&w=500,
津屋崎,"歴史ある街並みの古民家リフォーム物件
110坪の敷地に広々7LDK
4台駐車が来客時にもうれしい
海岸までがお散歩コース
■リフォーム内容（2018年8月末完成予定）
・クロス、フローリング、畳、障子、襖
・外壁塗装
・駐車場増設
・電気工事
・水回り交換（トイレ、洗面台、システムキッチン）
・間取り変更　その他
■リフォーム中の案内歓迎",福岡県,2490,,福岡県福津市津屋崎３,西鉄バス「津屋崎千軒なごみ入口」歩3分,,,7LDK,363.04,228.59,1960年4月,設備：公営水道、本下水、個別LPG、駐車場：カースペース,great,,https://inaka.suumo.jp/chukoikkodate/__JJ_JJ010FJ100_arz1090z2bsz1021z2ncz189937175z2scz140224z2taz140.html,https://img01.suumo.com/jj/resizeImage?src=gazo%2Fbukken%2F090%2FN010000%2Fimg%2F175%2F89937175%2F89937175_0014.jpg&w=500,https://img01.suumo.com/jj/resizeImage?src=gazo%2Fbukken%2F090%2FN010000%2Fimg%2F175%2F89937175%2F89937175_0015.jpg&w=500,https://img01.suumo.com/jj/resizeImage?src=gazo%2Fbukken%2F090%2FN010000%2Fimg%2F175%2F89937175%2F89937175_0006.jpg&w=500,https://img01.suumo.com/jj/resizeImage?src=gazo%2Fbukken%2F090%2FN010000%2Fimg%2F175%2F89937175%2F89937175_0008.jpg&w=500,
本郷町船木 ,"
土地100坪以上、古民家風、内装リフォーム、駐車３台以上可、緑豊かな住宅地、田園風景、即入居可、リバーサイド、山が見える、ゴルフ場が近い、避暑地、南向き、駅まで平坦、閑静
土地100坪以上、古民家風、内装リフォーム、駐車３台以上可、緑豊かな住宅地、田園風景、即入居可、リバーサイド、山が見える、ゴルフ場が近い、避暑地、南向き、駅まで平坦、閑静な住宅地、角地、庭１０坪以上、庭、家庭菜園、シャワー付洗面化粧台、ハイルーフ駐車場、トイレ２ヶ所、浴室１坪以上、２階建、温水洗浄便座、ＴＶ付浴室、南庭、浴室に窓、ＴＶモニタ付インターホン、リノベーション、前面棟無、シャッター車庫、平坦地、畑、食器洗乾燥機、隣家との間隔が大きい",広島県,2681,,広島県三原市本郷町船木,"芸陽バス「清井」歩6分
ＪＲ山陽本線「本郷」歩36分",,,14DK+S（納戸）,1775.69,409.05,1956年8月,設備：公営水道、個別浄化槽、個別LPG、駐車場：カースペース,great,,https://inaka.suumo.jp/chukoikkodate/__JJ_JJ010FJ100_arz1080z2bsz1021z2ncz186815490z2scz134204z2taz134.html,https://img01.suumo.com/jj/resizeImage?src=gazo%2Fbukken%2F080%2FN010000%2Fimg%2F490%2F86815490%2F86815490_0007.jpg&w=500,"
https://img01.suumo.com/jj/resizeImage?src=gazo%2Fbukken%2F080%2FN010000%2Fimg%2F490%2F86815490%2F86815490_0002.jpg&w=500",https://img01.suumo.com/jj/resizeImage?src=gazo%2Fbukken%2F080%2FN010000%2Fimg%2F490%2F86815490%2F86815490_0003.jpg&w=500,https://img01.suumo.com/jj/resizeImage?src=gazo%2Fbukken%2F080%2FN010000%2Fimg%2F490%2F86815490%2F86815490_0004.jpg&w=500,
羽根（広小路駅）,"古民家風、自然素材、内外装リフォーム、駐車３台以上可、土地100坪以上、市街地が近い、南向き、システムキッチン、陽当り良好、南側道路面す、角地、庭１０坪以上、２階建、南庭
■築年月は不詳です。（約１00年以上とお聞きしています。）
■古民家をお探しの方に是非ご覧頂きたいです。
■田園の中ですが、スーパー「アピタ」まで徒歩15分。（約１２００ｍ）
■屋根瓦は葺き替え済み。玄関、キッチンもリフォームしました。
■土蔵に昔からの農工具などが残っています。
■南のお庭も手入れが行き届いて、きれいにされています。",三重県,2700,,三重県伊賀市羽根,伊賀鉄道伊賀線「広小路」歩28分,,,11DK+2S（納戸）,905.06,905.06,1965年1月,建築許可理由：調整区域につき建築許可要、駐車場：カースペース,great,,https://inaka.suumo.jp/chukoikkodate/__JJ_JJ010FJ100_arz1050z2bsz1021z2ncz184917173z2scz124216z2taz124.html,https://img01.suumo.com/jj/resizeImage?src=gazo%2Fbukken%2F050%2FN010000%2Fimg%2F173%2F84917173%2F84917173_0001.jpg&w=500,https://img01.suumo.com/jj/resizeImage?src=gazo%2Fbukken%2F050%2FN010000%2Fimg%2F173%2F84917173%2F84917173_0003.jpg&w=500,https://img01.suumo.com/jj/resizeImage?src=gazo%2Fbukken%2F050%2FN010000%2Fimg%2F173%2F84917173%2F84917173_0006.jpg&w=500,https://img01.suumo.com/jj/resizeImage?src=gazo%2Fbukken%2F050%2FN010000%2Fimg%2F173%2F84917173%2F84917173_0007.jpg&w=500,
白浜町滝口,土地100坪以上 / 海まで2km以内 / 和室 / 庭１０坪以上 / 家庭菜園 / 畑 / 古民家風,千葉県,2800,,千葉県南房総市白浜町滝口,ＪＲ内房線「館山」車8.9km,,,5LDDKK,799.00,108.92,1985年8月,,great,,https://inaka.suumo.jp/chukoikkodate/__JJ_JJ010FJ100_arz1030z2bsz1021z2ncz183276645z2scz112234z2taz112.html,https://img01.suumo.com/jj/resizeImage?src=gazo%2Fbukken%2F030%2FN010000%2Fimg%2F645%2F83276645%2F83276645_0001.jpg&w=500,https://img01.suumo.com/jj/resizeImage?src=gazo%2Fbukken%2F030%2FN010000%2Fimg%2F645%2F83276645%2F83276645_0004.jpg&w=500,https://img01.suumo.com/jj/resizeImage?src=gazo%2Fbukken%2F030%2FN010000%2Fimg%2F645%2F83276645%2F83276645_0005.jpg&w=500,https://img01.suumo.com/jj/resizeImage?src=gazo%2Fbukken%2F030%2FN010000%2Fimg%2F645%2F83276645%2F83276645_0002.jpg&w=500,
二ノ平,"藤田観光株式会社が開発した温泉引込み可能な別荘地「箱根小涌園みどりの村」。都心からわずか2時間とは思えない大自然に恵まれた緑豊かな別荘地です。（温泉引込済）
◎予約制内見随時受付ております０１２０－７２１－７２８迄お気軽にご予約下さい♪

用途地域：第二種低層住居専用地区　特別用途地区：第二種観光地区

「築年数、広さだけから高いと思われるかもしれません。
でもまずは内見してください！
一度に３人は入れる大きな浴槽、隣接にあるサウナそして本格的な薪を
燃やす暖炉これだけでも価格にご満足いただけると思います！
これ以外にリビング、台所、ダイニングの床暖房、各室備え付けの収納
や食器家具、食洗機、レンジ、大型洗濯機に乾燥機等々もついています。
加えてこれは別途ご相談ですが、特注のベッドや囲炉裏についても譲渡
可能です。ぜひご内覧ください！ 」",神奈川県,2900,,神奈川県足柄下郡箱根町二ノ平,箱根登山鉄道「箱根湯本」バス21分緑の村入口歩5分,,,3LDK,588.00,224.72,1990年1月,設備：私設水道、集中浄化槽、個別LPG、駐車場：カースペース,great,,https://inaka.suumo.jp/chukoikkodate/__JJ_JJ010FJ100_arz1030z2bsz1021z2ncz189485688z2scz114380z2taz114.html,https://img01.suumo.com/jj/resizeImage?src=gazo%2Fbukken%2F030%2FN010000%2Fimg%2F688%2F89485688%2F89485688_0029.jpg&w=500,https://img01.suumo.com/jj/resizeImage?src=gazo%2Fbukken%2F030%2FN010000%2Fimg%2F688%2F89485688%2F89485688_0027.jpg&w=500,https://img01.suumo.com/jj/resizeImage?src=gazo%2Fbukken%2F030%2FN010000%2Fimg%2F688%2F89485688%2F89485688_0028.jpg&w=500,https://img01.suumo.com/jj/resizeImage?src=gazo%2Fbukken%2F030%2FN010000%2Fimg%2F688%2F89485688%2F89485688_0062.jpg&w=500,
中（伊豆長岡駅）,"【【有吉ゼミで紹介されました】】即日内覧可能！７ＬＤＫの『和』の美しさを昇華した端正な平屋住宅。四季折々の植栽が楽しめる広庭園です。
春にはしだれ桜、夏の新緑、秋の紅葉、冬には梅や水仙が咲きます。北側にも庭を設けた事でリビング・応接間からは座っていても富士山が眺望できます。
また、一面ガラス貼りの浴室は入浴しながら庭園と富士山を一望できます。
採光豊かな解放感のある設計で、冬でも室内に温かい陽射しが差し込みます。
別荘地でありながら永住の地として住居用に暮らしている方も多く、
車で移動すればスーパーやコンビニ等の施設まで２０分圏内です。
永住・別荘どちらも可能な立花台でのびやかな暮らしを…
■韮山南小学校・韮山中学校
■建築自主規制有　建ぺい率40%・容積率60%",静岡県,2980,,静岡県伊豆の国市中,伊豆箱根鉄道駿豆線「伊豆長岡」歩27分,,,7LDK,1117.49,244,1983年8月,設備：公営水道、本下水、集中LPG、建築許可理由：開発許可等による分譲地、駐車場：カースペース,great,,https://inaka.suumo.jp/chukoikkodate/__JJ_JJ010FJ100_arz1050z2bsz1021z2ncz184274435z2scz122225z2taz122.html,https://img01.suumo.com/jj/resizeImage?src=gazo%2Fbukken%2F050%2FN010000%2Fimg%2F435%2F84274435%2F84274435_0031.jpg&w=500,https://img01.suumo.com/jj/resizeImage?src=gazo%2Fbukken%2F050%2FN010000%2Fimg%2F435%2F84274435%2F84274435_0014.jpg&w=500,https://img01.suumo.com/jj/resizeImage?src=gazo%2Fbukken%2F050%2FN010000%2Fimg%2F435%2F84274435%2F84274435_0036.jpg&w=500,https://img01.suumo.com/jj/resizeImage?src=gazo%2Fbukken%2F050%2FN010000%2Fimg%2F435%2F84274435%2F84274435_0045.jpg&w=500,
大字長森（新井駅,"◆現況レストラン「カフェ・ヌーベル　遠い雲の下」として営業中。
◆こだわりの室内、是非ご覧下さい。
◆築年数は約１００年の古民家をフルリフォームして再生しました。
◆駐車１０台以上可
◆内外装リフォーム
◆田園風景
◆古民家風",新潟県,3000,,新潟県妙高市大字長森１２４０－１,妙高はねうまライン「新井」歩33分,,,3LDK,775.53,219.53,1900年1月,設備：公営水道、本下水、個別LPG、駐車場：カースペース,great,,https://inaka.suumo.jp/chukoikkodate/__JJ_JJ010FJ100_arz1040z2bsz1021z2ncz181089682z2scz115217z2taz115.html,https://img01.suumo.com/jj/resizeImage?src=gazo%2Fbukken%2F040%2FN010000%2Fimg%2F682%2F81089682%2F81089682_0001.jpg&w=500,https://img01.suumo.com/jj/resizeImage?src=gazo%2Fbukken%2F040%2FN010000%2Fimg%2F682%2F81089682%2F81089682_0004.jpg&w=500,https://img01.suumo.com/jj/resizeImage?src=gazo%2Fbukken%2F040%2FN010000%2Fimg%2F682%2F81089682%2F81089682_0005.jpg&w=500,https://img01.suumo.com/jj/resizeImage?src=gazo%2Fbukken%2F040%2FN010000%2Fimg%2F682%2F81089682%2F81089682_0007.jpg&w=500,
大字笠田中（笠田駅）,"和歌山県伊都郡かつらぎ町　大正時代にタイムスリップ
◆大正時代にタイムスリップ、築100年の総桧造りの大邸宅古民家！
◆関空まで1時間、高野山まで30分のロケーションにある元造り酒屋酒蔵と元銀行の建物は多用途にご活用いただけます！",和歌山県,3000,,和歌山県伊都郡かつらぎ町大字笠田中,ＪＲ和歌山線「笠田」歩10分,,,14LDK+S（納戸）,1967.13,331.93,1965年1月,設備：公営水道、個別浄化槽、個別LPG、駐車場：カースペース,great,,https://inaka.suumo.jp/chukoikkodate/__JJ_JJ010FJ100_arz1060z2bsz1021z2ncz190155972z2scz130340z2taz130.html,https://img01.suumo.com/jj/resizeImage?src=gazo%2Fbukken%2F060%2FN010000%2Fimg%2F972%2F90155972%2F90155972_0017.jpg&w=500,https://img01.suumo.com/jj/resizeImage?src=gazo%2Fbukken%2F060%2FN010000%2Fimg%2F972%2F90155972%2F90155972_0002.jpg&w=500,https://img01.suumo.com/jj/resizeImage?src=gazo%2Fbukken%2F060%2FN010000%2Fimg%2F972%2F90155972%2F90155972_0003.jpg&w=500,https://img01.suumo.com/jj/resizeImage?src=gazo%2Fbukken%2F060%2FN010000%2Fimg%2F972%2F90155972%2F90155972_0006.jpg&w=500,
溝辺町,"駐車３台以上可、土地100坪以上、和室、古民家風　【リフォーム　Ｈ13年　トイレ、洗面所　天井　Ｈ17年　屋根葺替、キッチン、ロフト吹抜け、壁に筋交い補強　
駐車３台以上可、土地100坪以上、和室、古民家風　【リフォーム　Ｈ13年　トイレ、洗面所　天井　Ｈ17年　屋根葺替、キッチン、ロフト吹抜け、壁に筋交い補強　H25年　屋根締め直し、太陽光設備（3.23KW）設置】

",愛媛県,3140,,愛媛県松山市溝辺町,"伊予鉄バス「溝辺」歩5分
伊予鉄道城南線「道後温泉」歩34分",,,3LDK+S（納戸）,360.02m2,117.18m2,1963年1月,設備：公営水道、個別浄化槽、個別LPG、駐車場：カースペース,great,,https://inaka.suumo.jp/chukoikkodate/__JJ_JJ010FJ100_arz1070z2bsz1021z2ncz186343853z2scz138201z2taz138.html,https://img01.suumo.com/jj/resizeImage?src=gazo%2Fbukken%2F070%2FN010000%2Fimg%2F853%2F86343853%2F86343853_0001.jpg&w=500,https://img01.suumo.com/jj/resizeImage?src=gazo%2Fbukken%2F070%2FN010000%2Fimg%2F853%2F86343853%2F86343853_0002.jpg&w=500,https://img01.suumo.com/jj/resizeImage?src=gazo%2Fbukken%2F070%2FN010000%2Fimg%2F853%2F86343853%2F86343853_0003.jpg&w=500,https://img01.suumo.com/jj/resizeImage?src=gazo%2Fbukken%2F070%2FN010000%2Fimg%2F853%2F86343853%2F86343853_0005.jpg&w=500,
 山北（津山駅）,"別棟で家屋516-9　(89.51m2)有り。は現在アトリエとして使用。
附属建物:　物置・井戸
津山市役所すぐ南側、津山城、衆楽公園、小中高校等徒歩10分圏内市内中心部
津山市役所のすぐ南側、津山城、衆楽公園、小中高校、スーパー等徒歩10分圏内、市内中心部の立地で
利便性も高く、広々した敷地で家庭菜園スペースもあり、また、現在アトリエとして使用している建物もセットで
様々な用途として使用できる物件です!!建物は築年数は経過しておりますが、瓦の葺き替え等少しづづ手を入れており
古いながらもモダンな感じもする内部となっております。",岡山県,3200,,岡山県津山市山北,ＪＲ津山線「津山」歩32分,,,4DK+S（納戸）,1298.38m2,178.17m2,1952年1月,設備：公営水道、本下水、都市ガス、駐車場：カースペース,great,,https://inaka.suumo.jp/chukoikkodate/__JJ_JJ010FJ100_arz1080z2bsz1021z2ncz188201952z2scz133203z2taz133.html,https://img01.suumo.com/jj/resizeImage?src=gazo%2Fbukken%2F080%2FN010000%2Fimg%2F952%2F88201952%2F88201952_0001.jpg&w=500,https://img01.suumo.com/jj/resizeImage?src=gazo%2Fbukken%2F080%2FN010000%2Fimg%2F952%2F88201952%2F88201952_0023.jpg&w=500,https://img01.suumo.com/jj/resizeImage?src=gazo%2Fbukken%2F080%2FN010000%2Fimg%2F952%2F88201952%2F88201952_0003.jpg&w=500,https://img01.suumo.com/jj/resizeImage?src=gazo%2Fbukken%2F080%2FN010000%2Fimg%2F952%2F88201952%2F88201952_0004.jpg&w=500,
上多賀,"自然の中に佇み、趣のある平屋和風建築物件。
どのお部屋、浴室からも海の眺望を楽しめます。
広い和室には掘り炬燵、32帖のリビングには暖炉があります。
近くに駐車スペース有
即入居可、温泉権2022年8月31日迄（10年更新、更新料30万円税別、名義変更料5万円税別）、分譲地名義変更料9000円税別、南向、眺望良好、高台に立地、新着物件",静岡県,3260,,静岡県熱海市上多賀,東海道新幹線「熱海」車7km,,,5LDK,932m2,228.7m2,1992年6月,設備：公営水道、個別浄化槽、個別LPG、駐車場：無,great,,https://inaka.suumo.jp/chukoikkodate/__JJ_JJ010FJ100_arz1050z2bsz1021z2ncz190315055z2scz122205z2taz122.html,https://img01.suumo.com/jj/resizeImage?src=gazo%2Fbukken%2F050%2FN010000%2Fimg%2F055%2F90315055%2F90315055_0001.jpg&w=500,https://img01.suumo.com/jj/resizeImage?src=gazo%2Fbukken%2F050%2FN010000%2Fimg%2F055%2F90315055%2F90315055_0002.jpg&w=500,https://img01.suumo.com/jj/resizeImage?src=gazo%2Fbukken%2F050%2FN010000%2Fimg%2F055%2F90315055%2F90315055_0003.jpg&w=500,https://img01.suumo.com/jj/resizeImage?src=gazo%2Fbukken%2F050%2FN010000%2Fimg%2F055%2F90315055%2F90315055_0015.jpg&w=500,
大字西有田石松町（日田駅）,"
年内入居可、駐車３台以上可、土地100坪以上、山が見える、南向き、陽当り良好、南側道路面す、閑静な住宅地、前道６ｍ以上、和室、庭１０坪以上、田園風景、家庭菜園、３面採光、
大分県の「近代和風建築物」に選定された明治20年築の元豪農のお屋敷です。
有名な「豆田町」から約3ｋｍの里山に位置し、のどかな田園風景広がっています。
個人のご自宅としてはもちろん、広大な敷地および歴史ある古民家を生かした、料亭やカフェ、ゲストハウス等様々な用途が考えられます。",大分県,3300,,大分県日田市大字西有田石松町,ＪＲ日田彦山線「日田」歩51分,,,12LDK+S（納戸）,2386.42m2,796.65m2,2000年,設備：公営水道、本下水、個別LPG、駐車場：カースペース,great,,https://inaka.suumo.jp/chukoikkodate/__JJ_JJ010FJ100_arz1090z2bsz1021z2ncz190438623z2scz144204z2taz144.html,https://img01.suumo.com/jj/resizeImage?src=gazo%2Fbukken%2F090%2FN010000%2Fimg%2F623%2F90438623%2F90438623_0008.jpg&w=500,https://img01.suumo.com/jj/resizeImage?src=gazo%2Fbukken%2F090%2FN010000%2Fimg%2F623%2F90438623%2F90438623_0009.jpg&w=500,https://img01.suumo.com/jj/resizeImage?src=gazo%2Fbukken%2F090%2FN010000%2Fimg%2F623%2F90438623%2F90438623_0011.jpg&w=500,https://img01.suumo.com/jj/resizeImage?src=gazo%2Fbukken%2F090%2FN010000%2Fimg%2F623%2F90438623%2F90438623_0015.jpg&w=500,
南野６（四条畷駅）,"
■旅館・料亭・アトリエや隠れ家・ケアハウスなど使い方色々！
■滝や池のある日本庭園
■水車・お茶室・石橋・数奇屋門・蔵等見どころたくさん！
■遠方の古民家よりアクセス良
◇土地面積約１７６坪！
◇離れのお茶室では、川のせせらぎが聞こえます！
◇Ａ・Ｂ・Ｃ号地のまとめ買いも可能です！まとめ買いの場合は価格ご相談いたします。
  

■掲載できない物件や情報もございますので、是非一度お問い合わせください。
■お問い合わせは「0800-815-4893」までお電話下さい。",大阪府,3490,,大阪府四條畷市南野６,ＪＲ片町線「四条畷」歩18分,,,4LDK,500m2,119.97m2,1979年2月,設備：公営水道、集中浄化槽、個別LPG、駐車場：無,great,,https://inaka.suumo.jp/chukoikkodate/__JJ_JJ010FJ100_arz1060z2bsz1021z2ncz185867682z2scz127229z2taz127.html,https://img01.suumo.com/jj/resizeImage?src=gazo%2Fbukken%2F060%2FN010000%2Fimg%2F682%2F85867682%2F85867682_0059.jpg&w=500,https://img01.suumo.com/jj/resizeImage?src=gazo%2Fbukken%2F060%2FN010000%2Fimg%2F682%2F85867682%2F85867682_0052.jpg&w=500,https://img01.suumo.com/jj/resizeImage?src=gazo%2Fbukken%2F060%2FN010000%2Fimg%2F682%2F85867682%2F85867682_0035.jpg&w=500,https://img01.suumo.com/jj/resizeImage?src=gazo%2Fbukken%2F060%2FN010000%2Fimg%2F682%2F85867682%2F85867682_0040.jpg&w=500,
大字上赤岩（越谷レイクタウン駅）,"埼玉の旧家が並ぶ街で昭和47年築の農家住宅発見しました。敷地385坪は圧巻。線引き前からの宅地で建替え可能です。掃除してすむもよし、リノベーションして豪華に住むもよし。
越谷レイクタウンまで車で20分くらい、越谷・野田に行くにも近い距離。大家族で住んでみたい物件です。古い納屋は少し修復して倉庫や物置にお使いください。新しく居住できるプレハブ建屋があります。",埼玉県,3500,,埼玉県北葛飾郡松伏町大字上赤岩,ＪＲ武蔵野線「越谷レイクタウン」歩63分,,,9LDK,1186m2,244.31m2,1972年12月,設備：公営水道、個別浄化槽、個別LPG、建築許可理由：都市計画法施行令36条1項3号ロに該当、駐車場：車庫,great,,https://inaka.suumo.jp/chukoikkodate/__JJ_JJ010FJ100_arz1030z2bsz1021z2ncz187796254z2scz111460z2taz111.html,https://img01.suumo.com/jj/resizeImage?src=gazo%2Fbukken%2F030%2FN010000%2Fimg%2F254%2F87796254%2F87796254_0001.jpg&w=500,https://img01.suumo.com/jj/resizeImage?src=gazo%2Fbukken%2F030%2FN010000%2Fimg%2F254%2F87796254%2F87796254_0002.jpg&w=500,https://img01.suumo.com/jj/resizeImage?src=gazo%2Fbukken%2F030%2FN010000%2Fimg%2F254%2F87796254%2F87796254_0003.jpg&w=500,https://img01.suumo.com/jj/resizeImage?src=gazo%2Fbukken%2F030%2FN010000%2Fimg%2F254%2F87796254%2F87796254_0005.jpg&w=500,
月岡,"
正確な築年は不明90年以上は経過しているものと思われます。2005年に再生古民家としてデビューしました。正確に不便は感じません。この雰囲気をこよなく愛する方よろしく
八郷は日本の里山１００選に選ばれた山と緑に囲まれた地区です。日本昔話に出てくるような古民家です。",茨城県,3800,,茨城県石岡市月岡786,つくばエクスプレス「つくば」車16km,,,3DK+S（納戸）,1656.33m2,162.46m2,1965年1月,設備：井戸、個別浄化槽、個別LPG、駐車場：カースペース,great,,https://inaka.suumo.jp/chukoikkodate/__JJ_JJ010FJ100_arz1030z2bsz1021z2ncz190295491z2scz108205z2taz108.html,https://img01.suumo.com/jj/resizeImage?src=gazo%2Fbukken%2F030%2FN010000%2Fimg%2F491%2F90295491%2F90295491_0001.jpg&w=500,https://img01.suumo.com/jj/resizeImage?src=gazo%2Fbukken%2F030%2FN010000%2Fimg%2F491%2F90295491%2F90295491_0002.jpg&w=500,https://img01.suumo.com/jj/resizeImage?src=gazo%2Fbukken%2F030%2FN010000%2Fimg%2F491%2F90295491%2F90295491_0003.jpg&w=500,https://img01.suumo.com/jj/resizeImage?src=gazo%2Fbukken%2F030%2FN010000%2Fimg%2F491%2F90295491%2F90295491_0004.jpg&w=500,
本町３（古河駅）,"【敷地面積219坪】【木材の良さを活かした和風住宅】【フルリフォーム】
【角地】【駐車5台可能】【7ＳＬＤＫ】【バリアフリー】
和風庭園♪縁側からの風情ある眺め♪

【史跡・文化施設が点在する古河市本町の趣のある和風住宅】
◆インバウンドを視野に入れた『ゲストハウス』や『レストラン』などをお考えの方にもおすすめです♪
◆【観光名所】古河城址、古河公方館跡、古河歴史博物館、古河文学館、鷹見仙石記念館、古河街角美術館など・・・

◆ＪＲ『古河駅』まで1000ｍ、国道4号線、新4号バイパスと都内へもアクセス良好♪
◆小学校550ｍ徒歩8分、中学校2ｋｍ、コンビニ550ｍ、スーパー900ｍ、商業施設充実
◆水回りは最新設備を設置☆和風住宅の風情と現代生活の便利さを兼ね備えた建坪69坪豪邸です！

～お取り扱い店舗～
プラスワン古河店　0280-30-3000",茨城県,3998,,茨城県古河市本町３,ＪＲ宇都宮線「古河」歩12分,,,7LDK+S（納戸）,725.46m2,229.99m2,1980年8月,設備：公営水道、本下水、個別LPG、駐車場：カースペース,great,,https://inaka.suumo.jp/chukoikkodate/__JJ_JJ010FJ100_arz1030z2bsz1021z2ncz190177571z2scz108204z2taz108.html,https://img01.suumo.com/jj/resizeImage?src=gazo%2Fbukken%2F030%2FN010000%2Fimg%2F571%2F90177571%2F90177571_0001.jpg&w=500,https://img01.suumo.com/jj/resizeImage?src=gazo%2Fbukken%2F030%2FN010000%2Fimg%2F571%2F90177571%2F90177571_0002.jpg&w=500,https://img01.suumo.com/jj/resizeImage?src=gazo%2Fbukken%2F030%2FN010000%2Fimg%2F571%2F90177571%2F90177571_0003.jpg&w=500,https://img01.suumo.com/jj/resizeImage?src=gazo%2Fbukken%2F030%2FN010000%2Fimg%2F571%2F90177571%2F90177571_0006.jpg&w=500,
国分北３（海老名駅）,"
海老名「緑園分譲地」内。
総檜造り(菊池建設施工)で歌舞伎門と庭木果樹庭石豊富(松竹梅・菊花紋石・竹・キウイ・茗荷・秋明菊・菫・みかん他多数)な居心地良い家です。
日本蕎麦屋や甘味処などにも最適です。２沿線以上利用可、土地100坪以上、山が見える、陽当り良好、閑静な住宅地、角地、庭１０坪以上、通風良好",神奈川県,5800,,神奈川県海老名市国分北３,小田急小田原線「海老名」歩23分,,,6DK,501.91m2,118.15m2,1983年1月,設備：公営水道、本下水、都市ガス、駐車場：車庫,great,,https://inaka.suumo.jp/chukoikkodate/__JJ_JJ010FJ100_arz1030z2bsz1021z2ncz181444805z2scz114215z2taz114.html,https://img01.suumo.com/jj/resizeImage?src=gazo%2Fbukken%2F030%2FN010000%2Fimg%2F805%2F81444805%2F81444805_0037.jpg&w=500,https://img01.suumo.com/jj/resizeImage?src=gazo%2Fbukken%2F030%2FN010000%2Fimg%2F805%2F81444805%2F81444805_0002.jpg&w=500,https://img01.suumo.com/jj/resizeImage?src=gazo%2Fbukken%2F030%2FN010000%2Fimg%2F805%2F81444805%2F81444805_0039.jpg&w=500,https://img01.suumo.com/jj/resizeImage?src=gazo%2Fbukken%2F030%2FN010000%2Fimg%2F805%2F81444805%2F81444805_0022.jpg&w=500,
西小磯（大磯駅）,"
江戸時代、滋賀県長浜市で建てられた母屋を移築。
その後に改築を重ねて実現した、古民家×カフェ風の空間。
魅力が詰まった、和洋折衷のリノベーション物件をぜひ見に来て下さい
打たせ湯付きの露天風呂あり（現在使用していないので修繕必要）
床暖房、囲炉裏付きの韓国風の茶室
２０畳ある、ヨゴづくりに囲まれた屋根裏部屋
東京まで直通６４分
横浜まで直通３７分",神奈川県,15000,,神奈川県中郡大磯町西小磯,ＪＲ東海道本線「大磯」歩20分,,,4LDKK,646m2,646m2,1988年1月,設備：公営水道、個別浄化槽、個別LPG、建築許可理由：調整区域につき建築許可要、建築確認番号：4-359、駐車場：車庫,great,,https://inaka.suumo.jp/chukoikkodate/__JJ_JJ010FJ100_arz1030z2bsz1021z2ncz187816869z2scz114340z2taz114.html,https://img01.suumo.com/jj/resizeImage?src=gazo%2Fbukken%2F030%2FN010000%2Fimg%2F869%2F87816869%2F87816869_0003.jpg&w=500,https://img01.suumo.com/jj/resizeImage?src=gazo%2Fbukken%2F030%2FN010000%2Fimg%2F869%2F87816869%2F87816869_0011.jpg&w=500,https://img01.suumo.com/jj/resizeImage?src=gazo%2Fbukken%2F030%2FN010000%2Fimg%2F869%2F87816869%2F87816869_0056.jpg&w=500,https://img01.suumo.com/jj/resizeImage?src=gazo%2Fbukken%2F030%2FN010000%2Fimg%2F869%2F87816869%2F87816869_0060.jpg&w=500,
津市白山町,伊勢平野西部の青山高原のふもと、清流・雲出川の中流部に位置する物件です。広い屋敷には母屋、離れ、蔵、菜園地があり、陽当たり良好です。地続きの1反歩の畑と近くの2.6反歩の田を含みます。大阪・名古屋からのアクセスも良く、近くには榊原温泉郷、青山高原、ゴルフ場などがあります。民宿、古民家カフェ、料理店等にも利用できそうです。生活関連施設もそろっていて生活便利な田舎物件です。,三重県,800,,三重県津市白山町  ,近鉄大阪線榊原温泉口駅より４．３㎞  伊勢自動車道久居ICより１４．５㎞ ,,,4DK以上 南向き,"4,858.78㎡　",89.25㎡　,昭和28年,,great,,http://www.inakanet.jp/cgi-bin/database/database.cgi?cmd=dp&num=22262&dp=,http://www.inakanet.jp/cgi-bin/database/file/22262-1.jpg,http://www.inakanet.jp/cgi-bin/database/file/22262-2.jpg,http://www.inakanet.jp/cgi-bin/database/file/22262-4.jpg,http://www.inakanet.jp/cgi-bin/database/file/22262-3.jpg,
津市美杉町,旧美杉村、近くを伊勢本街道が通るのどかな山里の物件です。清流・雲出川の源流部で澄み切った空気感が漂っています。ローカル線のＪＲ名松線の終着駅・伊勢奥津駅から歩いてすぐです。建物は築80年の古民家で納屋がついています。地続きで100坪の畑用地と150坪の裏山があります。ロケーションのいい田舎暮らし物件です。,三重県,280,,三重県津市美杉町  ,JR名松線伊勢奥津駅より５００m  伊勢自動車道久居ＩＣより３６km ,,,4DK以上 ,"1,194.49㎡　",114.04㎡　,,,great,,http://www.inakanet.jp/cgi-bin/database/database.cgi?cmd=dp&num=22089&dp=,http://www.inakanet.jp/cgi-bin/database/file/22089-1.jpg,http://www.inakanet.jp/cgi-bin/database/file/22089-2.jpg,http://www.inakanet.jp/cgi-bin/database/file/22089-4.jpg,http://www.inakanet.jp/cgi-bin/database/file/22089-3.jpg,
津市美杉町,旧美杉村の竹原地区、南方を清流・雲出川が流れ自然豊かな集落に位置する物件です。南だれの高台にあり開放感があります。建物は築60年位の古民家で建具等に昭和感の香る居宅です。奥戸さんも残っています。便所が現況ありませんので新設を要します。陽当たりのいい敷地には菜園地、竹林もあります。古民家カフェ、料理店、民宿などにも利用できそうです。お茶畑に心地よい風が吹き抜けるロケーションに恵まれた田舎暮らし物件です。,三重県,350,,三重県津市美杉町  ,JR名松線伊勢鎌倉駅より２．１㎞  伊勢自動車道久居ICより２３㎞ ,,,4DK以上 南向き,"1,107.36㎡",107.40㎡　,,,great,,http://www.inakanet.jp/cgi-bin/database/database.cgi?cmd=dp&num=22084&dp=,http://www.inakanet.jp/cgi-bin/database/file/22084-1.jpg,http://www.inakanet.jp/cgi-bin/database/file/22084-2.jpg,http://www.inakanet.jp/cgi-bin/database/file/22084-4.jpg,http://www.inakanet.jp/cgi-bin/database/file/22084-3.jpg,
津市美杉町,高台にあり見晴らし・日当たり良好な物件です♪ 土地が約１８５坪あり母屋・離れ・広い屋根付き車庫兼作業場など付いています♪ 前庭・裏庭も広く菜園用地も十分あります！ 静かな田舎で自給自足をしながらのんびりと田舎暮らしを楽しみませんか(*ﾟ▽ﾟ*),三重県,260,,三重県津市美杉町竹原  ,名松線　伊勢鎌倉駅より車で約１０分   ,,,,613㎡,111.26㎡　　,,,great,,http://www.inakanet.jp/cgi-bin/database/database.cgi?cmd=dp&num=21968&dp=,http://www.inakanet.jp/cgi-bin/database/file/21968-1.jpg,http://www.inakanet.jp/cgi-bin/database/file/21968-2.jpg,http://www.inakanet.jp/cgi-bin/database/file/21968-4.jpg,http://www.inakanet.jp/cgi-bin/database/file/21968-3.jpg,
津市大里町,在所の一角にある古民家。家の中に入ると見事な造りです。,三重県,480,,三重県津市大里町山室  ,伊勢自動車道「芸濃」より6キロ   ,,,4DK以上 南西向き,403.30㎡,171.14㎡　,,,great,,http://www.inakanet.jp/cgi-bin/database/database.cgi?cmd=dp&num=21912&dp=,http://www.inakanet.jp/cgi-bin/database/file/21912-1.jpg,http://www.inakanet.jp/cgi-bin/database/file/21912-2.jpg,http://www.inakanet.jp/cgi-bin/database/file/21912-4.jpg,http://www.inakanet.jp/cgi-bin/database/file/21912-3.jpg,
津市美里町,青山高原の東側の集落にあります。素晴らしい眺望、建物はおしゃれに改装してある。敷地続きに菜園スペース、少し離れたところに農地があります。,三重県,1280,,三重県津市美里町平木  ,伊勢自動車道「津」ＩＣより17キロ   ,,,4DK以上 南向き,"1,900.96㎡　",190.58㎡,昭和25年ごろ,駐車場有り 5台,great,,http://www.inakanet.jp/cgi-bin/database/database.cgi?cmd=dp&num=21896&dp=,http://www.inakanet.jp/cgi-bin/database/file/21896-1.jpg,http://www.inakanet.jp/cgi-bin/database/file/21896-2.jpg,http://www.inakanet.jp/cgi-bin/database/file/21896-3.jpg,http://www.inakanet.jp/cgi-bin/database/file/21896-4.jpg,
津市美杉町,自然豊かな美杉町の高台に日当りの良い菜園用地付き物件が出ました(^^)/ こじんまりした平家建ての古民家です、水周りは所有者がリフォーム済みでそのままご入居できますよ(#^.^#) 昔ながらの土間におくどさんがあり懐かしい雰囲気があります。車で5分走れば、スーパーやコンビニ役所の出張所がありとても便利です。週末田舎暮らし利用に如何でしょう(^^♪,三重県,485,,三重県津市美杉町八知  ,JR名松線　伊勢八知駅より徒歩約２０分   ,,,3DK ,495.86㎡　　,70.91㎡　　,,"駐車場有り 
※ 高台にあり日当たり良好！
※ 土地約１５０坪！
※ 菜園用地付き！
※ 水回りリフォーム済み！
※ 土間におくどざん付き！",great,,http://www.inakanet.jp/cgi-bin/database/database.cgi?cmd=dp&num=21708&dp=,http://www.inakanet.jp/cgi-bin/database/file/21708-1.jpg,http://www.inakanet.jp/cgi-bin/database/file/21708-2.jpg,http://www.inakanet.jp/cgi-bin/database/file/21708-3.jpg,http://www.inakanet.jp/cgi-bin/database/file/21708-4.jpg,
伊賀市島ヶ原,伊賀市の北部、旧大和街道沿いの島ヶ原という集落にあり、里山の風景を見下ろす高台に位置する物件です。建物は築60年位の良質材の使われた柱・梁・鴨居、風情のある建具等味わい深い古民家です。敷地内に菜園地がありますので野菜作り等お楽しみください。大阪・名古屋からのアクセスも良好です。ロケーション、陽当たりに恵まれた好田舎暮らし物件です。,三重県,850,,三重県伊賀市島ヶ原  ,ＪＲ関西本線島ヶ原駅より２．８㎞  名阪国道大内ＩＣより１２㎞ ,,,4DK以上 南向き,"1,089.86㎡　",249.94㎡　,,※ 土蔵有,great,,http://www.inakanet.jp/cgi-bin/database/database.cgi?cmd=dp&num=21537&dp=,http://www.inakanet.jp/cgi-bin/database/file/21537-1.jpg,http://www.inakanet.jp/cgi-bin/database/file/21537-2.jpg,http://www.inakanet.jp/cgi-bin/database/file/21537-4.jpg,http://www.inakanet.jp/cgi-bin/database/file/21537-3.jpg,
津市美里町,伊勢平野西部、布引山脈のふもとに位置する物件です。近くを旧伊賀街道が通り、桂畑川に沿った手付かずの自然は心を和ませてくれます。建物は築100年位の古民家で水回りはリフォームされています。敷地の南側は畑用地でその前を桂畑川が流れ、心地よい風が吹き抜けます。3反6畝の農地が付いています。大阪・名古屋からのアクセスも良好なおすすめの田舎暮らし物件です。,三重県,800,,三重県津市美里町  ,伊勢自動車道久居ＩＣより１５㎞  近鉄名古屋線久居駅より１６㎞ ,,,4DK以上 南向き,"4,397.65㎡　　",78.51㎡,,,great,,http://www.inakanet.jp/cgi-bin/database/database.cgi?cmd=dp&num=21519&dp=,http://www.inakanet.jp/cgi-bin/database/file/21519-1.jpg,http://www.inakanet.jp/cgi-bin/database/file/21519-2.jpg,http://www.inakanet.jp/cgi-bin/database/file/21519-3.jpg,http://www.inakanet.jp/cgi-bin/database/file/21519-4.jpg,
津市美杉町,伊勢本街道沿いの改装済み古民家・・・広い菜園.土蔵付き　今回、津市美杉町の旧伊勢本街道の宿場町で改装済みの古民家を販売します。家の前は江戸時代、お伊勢参りでたくさんの人々が行きかい賑わった通りで今も農家民宿が多く残っています。母屋の裏手には広い駐車場と広い菜園が付いており近隣の屋敷の中でも特別ゆったりした敷地となっています。家は近年昔の面影を残しつつ水周りを中心に改装しており、手直し不要ですぐにご利用いただけます。徒歩圏内に名所北畠神社などの観光施設や道の駅美杉等もあります。自然の残る長閑な環境です。是非一度現地をご見学下さい。,三重県,880,,三重県津市美杉町上多気  ,伊勢自動車道『一志嬉野』IC 約33㎞  JR名松線『伊勢奥津』駅　約4.7km  ,,,,"2,437.11㎡",130.76㎡,,,great,,http://www.inakanet.jp/cgi-bin/database/database.cgi?cmd=dp&num=21390&dp=,http://www.inakanet.jp/cgi-bin/database/file/21390-1.jpg,http://www.inakanet.jp/cgi-bin/database/file/21390-2.jpg,http://www.inakanet.jp/cgi-bin/database/file/21390-4.jpg,http://www.inakanet.jp/cgi-bin/database/file/21390-3.jpg,
津市美杉町,伊勢本街道北畠神社付近の集落の一角にあります。土地２６０坪に十分な広さの菜園用地が付いていて、数台駐車できるスペースもあります♪ 静かな場所にあり日当たり良好でのんびりとした良い雰囲気の古民家です♪ 古民家でお店をされたい方にも向いている物件です(*ﾟ▽ﾟ*),三重県,640,,三重県津市美杉町下多気  ,JR名松線　伊勢奥津駅から車で約１０分   ,,,4DK以上 ,858.33㎡　,64.46㎡　　,,"駐車場有り 
※ 土地２６０坪（畑地含む）
※ 菜園用地・駐車スペースあります！
※ 床・屋根補修いたしました！",great,,http://www.inakanet.jp/cgi-bin/database/database.cgi?cmd=dp&num=21224&dp=,http://www.inakanet.jp/cgi-bin/database/file/21224-1.jpg,http://www.inakanet.jp/cgi-bin/database/file/21224-2.jpg,http://www.inakanet.jp/cgi-bin/database/file/21224-3.jpg,http://www.inakanet.jp/cgi-bin/database/file/21224-4.jpg,
伊賀市,敷地もゆったりで菜園スペースも有ります。自家菜園をして健康な生活を実現しましょう！ 子育て環境も良好です。ＪＲ関西線新堂駅(1.1㎞　歩14分)・スーパーオークワ伊賀新堂店(1.2㎞　歩14分　長時間営業の大型店舗　品揃え豊富　ATM設置)・ホームセンターコメリ伊賀店(1.3㎞　歩17分)・小中学校、保育園（1.3㎞　歩17分）・郵便局（1.7㎞　歩20分　近くに三重銀行支店やコンビニがあります）、内科医院は車５分です。,三重県,1580,,三重県伊賀市  ,JR関西線新堂駅新堂駅より1㎞  名阪国道御代インターより600m ,,,,613㎡,236.04㎡　　,昭和32年11月,※ 昭和61年増築リフォーム、現在リフォーム中です。,great,,http://www.inakanet.jp/cgi-bin/database/database.cgi?cmd=dp&num=21219&dp=,http://www.inakanet.jp/cgi-bin/database/file/21219-1.jpg,http://www.inakanet.jp/cgi-bin/database/file/21219-2.jpg,http://www.inakanet.jp/cgi-bin/database/file/21219-3.jpg,http://www.inakanet.jp/cgi-bin/database/file/21219-4.jpg,
松阪市飯南町	,三重県の南西部、櫛田川の支流・相津川をさかのぼった山里に位置する物件です。飯南町から相津峠を経て大台町を結ぶ旧街道沿いにあります。建物は昭和の香りのする建具等が残る、趣のある平屋建てです。敷地に隣接した130坪の畑で野菜作り等お楽しみください。周りに手つかずの自然が残る田舎暮らし物件です。,三重県,410,,三重県松阪市飯南町  ,伊勢自動車道勢和多気ICより１５km  JR/近鉄松阪駅より２８km ,,,3K 南西向き,697.63㎡　,72.72㎡,,,great,,http://www.inakanet.jp/cgi-bin/database/database.cgi?cmd=dp&num=21134&dp=,http://www.inakanet.jp/cgi-bin/database/file/21134-1.jpg,http://www.inakanet.jp/cgi-bin/database/file/21134-2.jpg,http://www.inakanet.jp/cgi-bin/database/file/21134-3.jpg,http://www.inakanet.jp/cgi-bin/database/file/21134-4.jpg,
松阪市上ノ庄町,松阪市街にほど近い田園地帯の集落に位置する物件です。敷地内には2階建ての古民家、納屋、庭と別棟の倉庫が建っています。母屋は修繕を要しますが、太い柱・梁・鴨居や建具は魅力的です。納屋は田園風景に面していますので、改修して店舗カフェ等に利用できそうです。,三重県,350,,三重県松阪市上ノ庄町  ,JR名松線上ノ庄駅１．２㎞  伊勢自動車道松阪ICより３．２㎞ ,,,4DK以上 南向き,321.21㎡　　,165.23㎡,,,great,,http://www.inakanet.jp/cgi-bin/database/database.cgi?cmd=dp&num=21089&dp=,http://www.inakanet.jp/cgi-bin/database/file/21089-1.jpg,http://www.inakanet.jp/cgi-bin/database/file/21089-2.jpg,http://www.inakanet.jp/cgi-bin/database/file/21089-3.jpg,http://www.inakanet.jp/cgi-bin/database/file/21089-4.jpg,
高山市荘川町,東海北陸自動車道の荘川インターを下車して飛騨高山方面へ車で５分程度の国道158号線沿いの中古（古民家）です。国道沿いとは、除雪が不要と言うこと。広い駐車スペースが確保され、道路向かいには、車庫もあります。田舎物件にしては珍しい下水道切替済。建物の裏には、家庭菜園用の畑があります。田舎にしては比較的近い小中学校や市役所支所、Ａコープ、郵便局もあります。,岐阜県,600,,岐阜県高山市荘川町三尾河字中屋  ,東海北陸自動車道　荘川ＩＣから3.3ｋｍ  ＪＲ高山線　高山駅から39ｋｍ ,,,4DK以上 ,"1,369.13㎡　　",254.2㎡,,駐車場有り ,great,,http://www.inakanet.jp/cgi-bin/database/database.cgi?cmd=dp&num=20825&dp=,http://www.inakanet.jp/cgi-bin/database/file/20825-1.jpg,http://www.inakanet.jp/cgi-bin/database/file/20825-2.jpg,http://www.inakanet.jp/cgi-bin/database/file/20825-3.jpg,http://www.inakanet.jp/cgi-bin/database/file/20825-4.jpg,
松阪市飯南町,国道166号線を櫛田川に沿って上流へ、飯南町より飯高町のさかいめにあります。お茶畑、製材所があちこち点在するのどかな田舎です。母屋は手直しが必要、2階建ての土蔵は手入れがされておりすぐに使えます。,三重県,300,,三重県松阪市飯南町有間野  ,伊勢自動車道「松阪」ＩＣより28キロ   ,,,4DK以上 南向き,769.47㎡,266.63㎡,,駐車場有り 2台,great,,http://www.inakanet.jp/cgi-bin/database/database.cgi?cmd=dp&num=20480&dp=,http://www.inakanet.jp/cgi-bin/database/file/20480-1.jpg,http://www.inakanet.jp/cgi-bin/database/file/20480-2.jpg,http://www.inakanet.jp/cgi-bin/database/file/20480-3.jpg,http://www.inakanet.jp/cgi-bin/database/file/20480-4.jpg,
伊賀市種生,土蔵2棟付。元・村長さんの邸宅。伊賀市旧青山町の近鉄大阪線「青山町」駅より、南へ約7キロ、車で約１０分、里山に民家が点在する中、周囲を田んぼに囲まれた高台に建つ、昔の村長さんの旧家を今回販売します。欅の大黒柱のある本格２階建の居宅と離家、本格土蔵二棟が立派な庭園の中に建っています。居宅は建築後、６０年ほど経過していますがそのまま利用可能で、トイレも水洗になっています。屋敷続きに菜園も付いており、永住も可能です。一目で格式のある旧家だとお分かりになると思います。是非一度 現地をご覧下さい。,三重県,1480,,三重県伊賀市種生字寺脇  ,名阪国道『上野東』IC　18.6㎞  近鉄大阪線『青山町』駅　7km ,,,4DK以上 ,"2,194.67㎡",347.65㎡,昭和33年,駐車場有り ,great,,http://www.inakanet.jp/cgi-bin/database/database.cgi?cmd=dp&num=20347&dp=,http://www.inakanet.jp/cgi-bin/database/file/20347-1.jpg,http://www.inakanet.jp/cgi-bin/database/file/20347-2.jpg,http://www.inakanet.jp/cgi-bin/database/file/20347-3.jpg,http://www.inakanet.jp/cgi-bin/database/file/20347-4.jpg,
津市美杉町,旧一志郡美杉村の多気という集落に位置する物件です。南側を清流雲出川の支流・立川川が流れ、山里特有の澄み切った空気感が漂っています。屋敷に面して旧伊勢本街道が通り情緒あるのどかなロケーションです。母屋は大正時代の建物で昔なつかしい五右衛門風呂やかまどが残っています。現在空き家になっていますので少し修繕を要します。近くの道の駅「美杉」は何かと便利です。広い敷地に畑のある田舎暮らしおすすめ物件です。,三重県,230,,三重県津市美杉町  ,ＪＲ名松線伊勢奥津駅より５．８㎞  伊勢自動車道久居ＩＣより３９㎞ ,,,4DK以上 南向き,890.75㎡,65.12㎡,,,great,,http://www.inakanet.jp/cgi-bin/database/database.cgi?cmd=dp&num=19038&dp=,http://www.inakanet.jp/cgi-bin/database/file/19038-1.jpg,http://www.inakanet.jp/cgi-bin/database/file/19038-2.jpg,http://www.inakanet.jp/cgi-bin/database/file/19038-3.jpg,http://www.inakanet.jp/cgi-bin/database/file/19038-4.jpg,
北牟婁郡紀北町,伊勢と紀伊の国境、紀伊長島町の東長島という集落に位置する物件です。建物は築90年の古民家で躯体はまだまだしっかりとしています。トイレと風呂が現況有りませんので新設を要します。敷地は広々としていますので、菜園用地も確保できます。近くには熊野古道・ツヅラド峠、銚子川、秘湯・有久寺温泉、道の駅マンボウ等があります。海まで歩いて５分、絶好の岩場があります。,三重県,300,,三重県北牟婁郡紀北町  ,JR紀勢本線紀伊長島駅より７００ｍ  紀勢自動車道紀伊長島ICより１８００ｍ ,,,3K 南向き,386.75㎡,84.29㎡,,,great,,http://www.inakanet.jp/cgi-bin/database/database.cgi?cmd=dp&num=18493&dp=,http://www.inakanet.jp/cgi-bin/database/file/18493-1.jpg,http://www.inakanet.jp/cgi-bin/database/file/18493-2.jpg,http://www.inakanet.jp/cgi-bin/database/file/18493-3.jpg,http://www.inakanet.jp/cgi-bin/database/file/18493-4.jpg,
津市美杉町,三重と奈良の県境付近、旧一志郡美杉村の多気という集落に位置する物件です。地区内に旧伊勢本街道、多気宿、北畠氏館跡、霧山城跡などが点在する歴史情緒あふれるところです。築100年を超す建物で、重厚な柱・梁・鴨居、風情のある建具・床の間などとても味わい深い古民家です。広々とした屋敷には蔵、庭、井戸に菜園地もあります。古民家ファンの方、カフェや料理店をお考えの方必見の稀少物件です。,三重県,680,,三重県津市美杉町  ,伊勢自動車道久居ＩＣより３６㎞  ＪＲ名松線伊勢奥津駅より６．２㎞ ,,,4DK以上 南向き,698.21㎡,201.65㎡,,,great,,http://www.inakanet.jp/cgi-bin/database/database.cgi?cmd=dp&num=17866&dp=,http://www.inakanet.jp/cgi-bin/database/file/17866-1.jpg,http://www.inakanet.jp/cgi-bin/database/file/17866-2.jpg,http://www.inakanet.jp/cgi-bin/database/file/17866-3.jpg,http://www.inakanet.jp/cgi-bin/database/file/17866-4.jpg,
高山市松之木町,｢古い町並み｣の観光名所がある飛騨高山の中心から国道158号線を東へ３km。南西向きの山際に広い敷地と大きな土蔵がある古民家です。母屋は平成18年に１階をリフォームされました。２階は造作途中。玄関に入るといきなり薪ストーブがあり、室内は所々に昔の味わいが残っている造りとなっています。正面の門の右隣には横列３台の駐車が可能なシャッター付き車庫があります。町の中心に近く、生活するのに利便性の良い古民家です。,岐阜県,2500,,岐阜県高山市松之木町  ,ＪＲ高山線　高山駅から3.3ｋｍ　徒歩42分  松之木農協前バス停より390ｍ　徒歩5分 ,,,4DK以上 ,677.32㎡,268.35㎡,昭和58年,"駐車場有り 3台
※ 近隣には、診療所やＪＡ支店、駐在所、コンビニ、銀行、薬屋さん、食品スパー、中学校など生活するには便利な立地です。",great,,http://www.inakanet.jp/cgi-bin/database/database.cgi?cmd=dp&num=16671&dp=,http://www.inakanet.jp/cgi-bin/database/file/16671-1.jpg,http://www.inakanet.jp/cgi-bin/database/file/16671-2.jpg,http://www.inakanet.jp/cgi-bin/database/file/16671-3.jpg,http://www.inakanet.jp/cgi-bin/database/file/16671-4.jpg,
飛騨市宮川町,ＪＲ高山線の打保駅からわずか２６０ｍで行けるリフォームの要らない古民家です。太い柱や梁が使われており部屋数も多い建物です。土蔵や車庫、山林から流れ出る清流の先には池があります。裏庭には柿・栗の木があり菜園ができる畑もあります。鮎が釣れる宮川へは１００ｍ。自然が溢れる山村での田舎暮らしには最適な物件です。詳細説明文をお渡しします。（現在賃貸中）※この物件は賃貸中ですので、内覧を希望される場合は必ず担当者と打合せてからにして下さい。,岐阜県,1940,,岐阜県飛騨市宮川町打保  ,ＪＲ高山線 打保駅まで 260ｍ  富山空港まで 車で45分 ,,,4DK以上 東向き,"1,643.36㎡",551.23㎡　,明治30年,駐車場有り 4台,great,,http://www.inakanet.jp/cgi-bin/database/database.cgi?cmd=dp&num=15312&dp=,http://www.inakanet.jp/cgi-bin/database/file/15312-1.jpg,http://www.inakanet.jp/cgi-bin/database/file/15312-2.jpg,http://www.inakanet.jp/cgi-bin/database/file/15312-3.jpg,http://www.inakanet.jp/cgi-bin/database/file/15312-4.jpg,
八女市星野村,"日本全国でも有数の星空がある自然豊かな星野村の物件。建物は100年以上の歴史がある古民家で、田舎暮らしや別荘地に最適な物件です！ また植栽樹（栗→３本,柿→１本,さくらんぼ→１本,プラム→２本,カボス→１本,ブルーベリー→１本）と家具付きでご紹介いたしてます！",福岡県,1880,,福岡県八女市星野村  ,バス停 星野小学校前 停歩15分   ,,,4DK以上 ,668.41㎡,140㎡　　,1900年04月,"駐車場有り 2台
※ 囲炉裏、水車と美麗な川、星野村小学校徒歩10分",great,,http://www.inakanet.jp/cgi-bin/database/database.cgi?cmd=dp&num=20285&dp=,http://www.inakanet.jp/cgi-bin/database/file/20285-1.jpg,http://www.inakanet.jp/cgi-bin/database/file/20285-2.jpg,http://www.inakanet.jp/cgi-bin/database/file/20285-3.jpg,http://www.inakanet.jp/cgi-bin/database/file/20285-4.jpg,
苫田郡鏡野町,土間のある古民家。太い大黒の昔懐かしい建物。建物の周辺で家庭菜園が楽しめる。美味し井戸利用。風呂無し。上齋原温泉まで約２㎞、奥津温泉まで約４ｋｍ。山奥で田舎暮らしが楽しめる。上水道引き込み可能。,岡山県,450,,岡山県苫田郡鏡野町下斎原  ,ＪＲ姫新線 院庄駅より 約27km  中国自動車道 院庄インターより 約26km ,,,4DK以上 西向き,"1,110㎡",,,駐車場有り ,great,,http://www.inakanet.jp/cgi-bin/database/database.cgi?cmd=dp&num=22225&dp=,http://www.inakanet.jp/cgi-bin/database/file/22225-1.jpg,http://www.inakanet.jp/cgi-bin/database/file/22225-2.jpg,http://www.inakanet.jp/cgi-bin/database/file/22225-3.jpg,http://www.inakanet.jp/cgi-bin/database/file/22225-4.jpg,
福山市沼隈町,明治時代（1891年頃）の大きな古民家。土蔵、離れ、物置などが付いている（建物の状態は、悪い）。役場、銀行、病院やスーパーまで約2㎞圏内で生活便利。トイレは水洗になっている（浄化槽）。気候温暖な瀬戸内海まで約50m、釣りやマリーンスポーツが楽しめる。母屋の屋根裏は太い梁が使われている。屋根裏や土蔵に古い生活道具が沢山残っている。空き家になって約4年、畑は駐車と庭になっている。ひなびた小さな集落の中にある。建物の前は造船場。道の駅「アリストぬまくま」まで約2㎞、新鮮な魚や野菜が手に入る。,広島県,700,,広島県福山市沼隈町常石  ,JR山陽線　福山駅より　約２３㎞  山陽自動車道　福山東インターより　約２９㎞ ,,,4DK以上 ,872㎡,,,駐車場有り ,great,,http://www.inakanet.jp/cgi-bin/database/database.cgi?cmd=dp&num=21946&dp=,http://www.inakanet.jp/cgi-bin/database/file/21946-1.jpg,http://www.inakanet.jp/cgi-bin/database/file/21946-2.jpg,http://www.inakanet.jp/cgi-bin/database/file/21946-3.jpg,http://www.inakanet.jp/cgi-bin/database/file/21946-4.jpg,
備前市閑谷,まとまった広い土地の古民家。約１２年前にリフォーム済。原野で家庭菜園や果樹栽培が楽しめる。県道に面した原野を駐車場にできる。農家レストランや民宿などに利用できる。瀬戸内海まで約３㎞、国宝「閑谷学校」まで約２㎞。ペットなどと田舎暮らしが楽しめる。,岡山県,1580,,岡山県備前市閑谷  ,ＪＲ山陽本線　吉永駅より　約６ｋｍ  山陽自動車道　備前インターより　約６㎞ ,,,4DK以上 南向き,"2,073㎡",204㎡　,,駐車場有り ,great,,http://www.inakanet.jp/cgi-bin/database/database.cgi?cmd=dp&num=21367&dp=,http://www.inakanet.jp/cgi-bin/database/file/21367-1.jpg,http://www.inakanet.jp/cgi-bin/database/file/21367-2.jpg,http://www.inakanet.jp/cgi-bin/database/file/21367-3.jpg,http://www.inakanet.jp/cgi-bin/database/file/21367-4.jpg,
三次市甲奴町,周囲の民家より離れている古民家。家庭菜園や果樹栽培が楽しめる。広い納屋で木工などの趣味が楽しめる。ペットなどとのんびり田舎暮らしが楽しめる。沢水利用。,広島県,600,,広島県三次市甲奴町福田  ,JR福塩線　甲奴駅より　約５㎞  尾道自動車　甲奴インターより　約８㎞ ,,,4DK以上 南向き,"1,468㎡　",,,,great,,http://www.inakanet.jp/cgi-bin/database/database.cgi?cmd=dp&num=20805&dp=,http://www.inakanet.jp/cgi-bin/database/file/20805-1.jpg,http://www.inakanet.jp/cgi-bin/database/file/20805-2.jpg,http://www.inakanet.jp/cgi-bin/database/file/20805-3.jpg,http://www.inakanet.jp/cgi-bin/database/file/20805-4.jpg,
新見市新見,武家屋敷跡の築約１３０年の古民家。城山公園近くの広い敷地と渡り廊下でつながった広い建物。落ち着いた日本庭園と趣のある茶室がある。小学校、図書館、裁判所、病院に近い文教地域。レストラン、喫茶店、民宿などにも利用可能。バス停に近く生活便利。元医院。蔵と物置あり。,岡山県,3000,,岡山県新見市新見  ,中国自動車道　新見インターより　約３㎞  ＪＲ伯備線　新見駅より　約２㎞ ,,,4DK以上 東向き,726㎡,,,駐車場有り ,great,,http://www.inakanet.jp/cgi-bin/database/database.cgi?cmd=dp&num=20775&dp=,http://www.inakanet.jp/cgi-bin/database/file/20775-1.jpg,http://www.inakanet.jp/cgi-bin/database/file/20775-2.jpg,http://www.inakanet.jp/cgi-bin/database/file/20775-3.jpg,http://www.inakanet.jp/cgi-bin/database/file/20775-4.jpg,
美作市小房,京都大原を思わせる風景が広がり、周囲の山が一望できる。リフォーム済の古民家。家の前の畑で家庭菜園が楽しめる。果樹園で四季おりおりの果物が堪能できる。吹き抜けの囲炉裏部屋で友人たちと歓談が楽しめる。母屋内部はほとんど無垢材で改修され、大きな檜風呂もある。状態の良い土蔵は、オーデオルームとしても使用できる。現在ある農機付き。,岡山県,1980,,岡山県美作市小房  ,中国自動車道　美作インター　より約15㎞   ,,,4DK以上 南向き,"2,697㎡",,,駐車場有り ,great,,http://www.inakanet.jp/cgi-bin/database/database.cgi?cmd=dp&num=18420&dp=,http://www.inakanet.jp/cgi-bin/database/file/18420-1.jpg,http://www.inakanet.jp/cgi-bin/database/file/18420-2.jpg,http://www.inakanet.jp/cgi-bin/database/file/18420-3.jpg,http://www.inakanet.jp/cgi-bin/database/file/18420-4.jpg,
熊谷市箕輪,緑豊かなエリアに後世に引き継いで行きたい手入れ不要の古民家です！ １階の一部をギャラリースペースに改装、十和田石の石風呂・水洗トイレを増築、キッチンシンクの交換リフォーム済み。２階は広い板間のオープンスペースと和室２室に改修済み。旧庄屋宅を物語る黒光りする柱・梁は圧巻。白い漆喰の大きな蔵も魅力。お庭には季節によりタケノコ・梅・ゆず・びわ・きんかんの収穫も楽しむことが出来ます。アートスペース、古民家喫茶・そば処、民泊などに最適です。,埼玉県,7800,,埼玉県熊谷市箕輪  ,熊谷駅バス約２０分　「水穴」徒歩１５分   ,,,4DK以上 ,"3,027.07㎡　",265.55㎡,,駐車場有り 2台,great,,http://www.inakanet.jp/cgi-bin/database/database.cgi?cmd=dp&num=22239&dp=,http://www.inakanet.jp/cgi-bin/database/file/22239-1.jpg,http://www.inakanet.jp/cgi-bin/database/file/22239-2.jpg,http://www.inakanet.jp/cgi-bin/database/file/22239-3.jpg,http://www.inakanet.jp/cgi-bin/database/file/22239-4.jpg,
安房郡鋸南町,鋸南町より海至近！ 古民家物件のご紹介です。建物はなんと嘉永3年築167年…13代目徳永家定時代の超古民家です。萱葺や建具など古民家の雰囲気を活かしてのリフォーム済です。大六海岸まで徒歩1分！ 釣りやマリンスポーツなど海近レジャーの拠点にオススメしたい立地です。　ライフインフォメーション・コンビニ　400ｍ・みちの駅　1.4ｋｍ・スーパーＯＤＯＹＡ　1.4ｋｍ・館山自動車道鋸南富山ＩＣ　2.7ｋｍ,千葉県,1820,,千葉県安房郡鋸南町竜島  ,ＪＲ内房線：安房勝山駅500ｍ   ,,,3DK ,601.65㎡,99.17㎡,嘉永3年,,great,,http://www.inakanet.jp/cgi-bin/database/database.cgi?cmd=dp&num=22302&dp=,http://www.inakanet.jp/cgi-bin/database/file/22302-1.jpg,http://www.inakanet.jp/cgi-bin/database/file/22302-2.jpg,http://www.inakanet.jp/cgi-bin/database/file/22302-3.jpg,http://www.inakanet.jp/cgi-bin/database/file/22302-4.jpg,
上田市中丸子,上田市にある瓦屋根が立派な邸宅です。古民家ですが水回りはしっかりと整備されており、都市ガス、本下水、ユニットバスと、基本的にすぐ住む事ができます。立派な蔵もありますので、そのまま物置としてはもちろん、ギャラリー・作業部屋・趣味の部屋と多目的に活用できます。また、こちらは生活便利な場所に位置していますので、徒歩での生活が可能です。子供からお年寄りまで安心して暮らすことがきます。,長野県,1500,,長野県上田市中丸子  ,しなの鉄道大屋駅から車で約10分  上信越自動車道上田菅平ＩＣから車で約20分 ,,,,486.24㎡,337.84㎡　　,,,great,,http://www.inakanet.jp/cgi-bin/database/database.cgi?cmd=dp&num=22176&dp=,http://www.inakanet.jp/cgi-bin/database/file/22176-1.jpg,http://www.inakanet.jp/cgi-bin/database/file/22176-2.jpg,http://www.inakanet.jp/cgi-bin/database/file/22176-3.jpg,http://www.inakanet.jp/cgi-bin/database/file/22176-4.jpg,
熊谷市玉作,埼玉県中央部、熊谷市大里地区の古民家のご紹介です。築年数は不詳ですが100年以上前でしょう。屋根・外壁・サッシ・基礎等手が加えられております。首都圏で希少になりました古民家、ご興味のある方はぜひ一度ご見学ください。,埼玉県,2980,,埼玉県熊谷市玉作  ,JR高崎線『吹上』駅より約5.0ｋｍ  JR高崎線『熊谷』駅よりバス27分バス停「玉作」徒歩8分 ,,,4DK以上 ,"2,279.32㎡",279.37㎡,,駐車場有り 5台,great,,http://www.inakanet.jp/cgi-bin/database/database.cgi?cmd=dp&num=22157&dp=,http://www.inakanet.jp/cgi-bin/database/file/22157-1.jpg,http://www.inakanet.jp/cgi-bin/database/file/22157-2.jpg,http://www.inakanet.jp/cgi-bin/database/file/22157-3.jpg,http://www.inakanet.jp/cgi-bin/database/file/22157-4.jpg,
中野市壁田,◆豊かな自然と美しい風景に囲まれた古民家物件！　◆就農者向きの広い農地付き　◆お客様のお好みにリノベーション可能！　◆土蔵、倉庫付き　◆日当たりＯＫ！　◆ご案内は随時受付中！,長野県,480,,長野県中野市大字壁田字宮下  ,上信越自動車道豊田飯山ICより7.8㎞、車で12分  JR長野線蓮駅より2.2㎞、車で6分 ,,,4DK以上 南向き,966.8㎡,162.81㎡,,"駐車場有り 2台
※ 中野市立長丘小学校まで1.7㎞、徒歩で約21分
※ 農地8筆、面積3517㎡（1063坪）
※ 就農の際、1反5畝の借り増しが必要",great,,http://www.inakanet.jp/cgi-bin/database/database.cgi?cmd=dp&num=22113&dp=,http://www.inakanet.jp/cgi-bin/database/file/22113-1.jpg,http://www.inakanet.jp/cgi-bin/database/file/22113-2.jpg,http://www.inakanet.jp/cgi-bin/database/file/22113-3.jpg,http://www.inakanet.jp/cgi-bin/database/file/22113-4.jpg,
上田市東内,上田市東内にある瓦屋根の古民家です！！ 骨太、立派な梁、また色がいいですね～！！ 敷地内には母屋以外に物置が二棟あり、活用の幅も広がります。上田市と松本市を結ぶ三才山トンネルも近く、温泉も車で10分から20分圏内に複数ありと、住んで楽しい、来て楽しい物件かと思います！！,長野県,360,,長野県上田市東内  ,しなの鉄道大屋駅から車で約20分  上信越自動車道東部湯の丸ＩＣから車で約30分 ,,,,910.96㎡　　,206.93㎡,,駐車場有り ,great,,http://www.inakanet.jp/cgi-bin/database/database.cgi?cmd=dp&num=22064&dp=,http://www.inakanet.jp/cgi-bin/database/file/22064-1.jpg,http://www.inakanet.jp/cgi-bin/database/file/22064-2.jpg,http://www.inakanet.jp/cgi-bin/database/file/22064-3.jpg,http://www.inakanet.jp/cgi-bin/database/file/22064-4.jpg,
長野市豊野町,長野市北部にあるりんごの産地として有名な豊野町にある大正時代の堅牢な古民家。補修は必要ですが柱はしっかりしておりまだまだ使えます。駅まで徒歩７分の好立地でスーパーや銀行や役場までもとても近いです！ 憧れの古民家…でも、利便性も手放したくない…というわがままなあなたにオススメ,長野県,1350,,長野県長野市豊野町豊野  ,しなの鉄道北しなの線 豊野より450m 徒歩７分   ,,,4DK以上 南向き,490.30㎡,169.58㎡,大正15年,"駐車場有り 2台
※ しなの鉄道北しなの線豊野より450m 徒歩７分
※ 豊野郵便局　300m 徒歩４分
※ 役場・大型スーパー、日帰り温泉施設りんごの湯まで約1.2km 車で５分程度",great,,http://www.inakanet.jp/cgi-bin/database/database.cgi?cmd=dp&num=21966&dp=,http://www.inakanet.jp/cgi-bin/database/file/21966-1.jpg,http://www.inakanet.jp/cgi-bin/database/file/21966-2.jpg,http://www.inakanet.jp/cgi-bin/database/file/21966-3.jpg,http://www.inakanet.jp/cgi-bin/database/file/21966-4.jpg,
上水内郡信濃町,長野県最北部に位置します信濃町で昔ながらの里山の原風景の中で佇む田舎物件のご紹介です。豪雪地域ですが冬はスキーリゾートで有名な斑尾高原、黒姫高原や、夏場になるとマリンスポーツが楽しめる野尻湖もありますので遊びの拠点としても最適です。新潟県上越市まで高速道路を使用しなくても１時間程度で日本海も近いです。もちろん本格田舎暮らしをしながら生活するのにも最適な物件です。最近まで居住していたので空き家歴短いです。,長野県,550,,長野県上水内郡信濃町大字古海  ,しなの鉄道北しなの線 妙高高原駅より5.3km 車で9分   ,,,4DK以上 ,"5,772.43㎡",141.58㎡,昭和35年10月30日,"駐車場有り 2台
※ 野尻湖まで５km車で約１０分
※ 斑尾タングラムスキー場まで3.8km車で約８分
※ 郵便局まで5.3km車で約１２分
※ 日本海まで44km車で約１時間弱",great,, http://www.inakanet.jp/cgi-bin/database/database.cgi?cmd=dp&num=21964&dp=,http://www.inakanet.jp/cgi-bin/database/file/21964-1.jpg,http://www.inakanet.jp/cgi-bin/database/file/21964-2.jpg,http://www.inakanet.jp/cgi-bin/database/file/21964-3.jpg,http://www.inakanet.jp/cgi-bin/database/file/21964-4.jpg,
入間郡越生町,埼玉県中央部に位置します越生町の土地広い古民家のご紹介です。駅より徒歩11分の場所に宅地380坪、山林318坪付。古民家には土間が広がり、囲炉裏もあります。相応のリフォームは必要ですが、都心に近い古民家はなかなか残されていません。ご興味のある方はぜひご見学ください。,埼玉県,1280,,埼玉県入間郡越生町上野  ,東武越生線『武州唐沢』駅徒歩11分   ,,,,"2,311.49㎡",204㎡,,駐車場有り 4台,great,,http://www.inakanet.jp/cgi-bin/database/database.cgi?cmd=dp&num=21886&dp=,http://www.inakanet.jp/cgi-bin/database/file/21886-1.jpg,http://www.inakanet.jp/cgi-bin/database/file/21886-2.jpg,http://www.inakanet.jp/cgi-bin/database/file/21886-3.jpg,http://www.inakanet.jp/cgi-bin/database/file/21886-4.jpg,
山梨市牧丘町,人気の牧丘町牧平から希少古民家のご紹介です！ 物件がある地域は標高約800Mの里山で、４軒ほどの集落内。建物状態は普通で大黒柱は６寸強。2階は梁が剥き出しで、板張りの20畳の元養蚕室。駐車場・菜園有。温泉も近く徒歩圏内です。ぜひ一度ご覧下さいませ！,山梨県,398,,山梨県山梨市牧丘町牧平  ,JR中央線塩山駅から車で約30分  中央道勝沼ICから車で約40分 ,,,4DK以上 ,487㎡,152㎡,,駐車場有り 1台,great,,http://www.inakanet.jp/cgi-bin/database/database.cgi?cmd=dp&num=21843&dp=,http://www.inakanet.jp/cgi-bin/database/file/21843-1.jpg,http://www.inakanet.jp/cgi-bin/database/file/21843-2.jpg,http://www.inakanet.jp/cgi-bin/database/file/21843-3.jpg,http://www.inakanet.jp/cgi-bin/database/file/21843-4.jpg,
長野市戸隠,いつもクリックありがとうございます。長野市戸隠にあります古民家物件のご紹介になります。玄関を開けると広い土間が広がり、構造材は骨太でよく燻されています。トイレは水洗化（合併浄化槽）してありますのでご安心下さい。古民家ファンの方ぜひ一度ご見学に足を運んで下さい。,長野県,330,,長野県長野市戸隠  ,北陸新幹線長野駅～車で約30分  上信越自動車道長野IC～車で約50分 ,,,4DK以上 南向き,"1,038.96㎡　",299.36㎡　,,,great,,http://www.inakanet.jp/cgi-bin/database/database.cgi?cmd=dp&num=21753&dp=,http://www.inakanet.jp/cgi-bin/database/file/21753-1.jpg,http://www.inakanet.jp/cgi-bin/database/file/21753-2.jpg,http://www.inakanet.jp/cgi-bin/database/file/21753-3.jpg,http://www.inakanet.jp/cgi-bin/database/file/21753-4.jpg,
韮崎市岩下,ノーベル賞受賞大村博士の故郷、韮崎市からなんともオシャレな古民家が入荷しました！ ヴィンテージかつレトロな雰囲気に趣を感じます！ 古民家ならではの荘厳な貫禄。広大な敷地なのでカフェや介護施設、ギャラリー、レストラン民宿等、様々な用途に利用可能。もちろん家庭菜園もＯＫです！ インター、駅等近くとても便利ですよ～ (^-^),山梨県,690,,山梨県韮崎市岩下  ,中央道韮崎ICまで自動車で約5分  JR韮崎駅まで自動車で約3分 ,,,4DK以上 ,"1,079.93㎡",274.38㎡,昭和元年新築,駐車場有り ,great,,http://www.inakanet.jp/cgi-bin/database/database.cgi?cmd=dp&num=21463&dp=,http://www.inakanet.jp/cgi-bin/database/file/21463-1.jpg,http://www.inakanet.jp/cgi-bin/database/file/21463-2.jpg,http://www.inakanet.jp/cgi-bin/database/file/21463-3.jpg,http://www.inakanet.jp/cgi-bin/database/file/21463-4.jpg,
さくら市喜連川町,喜連川町の城跡のすそ野にある古民家。近くには日帰り温泉もあります。建物は高台にあり、南側には荒川の清流が望むことができます。母屋のほかに倉もあります。母屋の水回りはないのでリフォームの必要があります。,栃木県,300,,栃木県さくら市喜連川町  ,JR宇都宮洗線蒲須坂駅から約7km  東北自動車道矢板インターより約10km ,,,4DK以上 南向き,"1,422.21㎡",92.56㎡,,"駐車場有り 5台
※ 母屋は特別土砂災害危険区域内にあります。",great,,http://www.inakanet.jp/cgi-bin/database/database.cgi?cmd=dp&num=21393&dp=,http://www.inakanet.jp/cgi-bin/database/file/21393-1.jpg,http://www.inakanet.jp/cgi-bin/database/file/21393-2.jpg,http://www.inakanet.jp/cgi-bin/database/file/21393-3.jpg,http://www.inakanet.jp/cgi-bin/database/file/21393-4.jpg,
上田市真田町,いつもクリックありがとうございます。上田市真田町の古民家のご紹介です。状態良好の古民家で土間は広く、囲炉裏も切ってあります。またトイレは水洗になっていますのでご安心下さい。24坪と9坪の地下倉庫付き離れもあります。,長野県,300,,長野県上田市真田町傍陽  ,上信越自動車道上田・菅平IC～車で約15分   ,,,4DK以上 南向き,589.56㎡　,90.26㎡　,,"駐車場有り 1台
※ スーパー・コンビニ・保育園・小学校・温泉・〒へ車で10分圏内",great,,http://www.inakanet.jp/cgi-bin/database/database.cgi?cmd=dp&num=20915&dp=,http://www.inakanet.jp/cgi-bin/database/file/20915-1.jpg,http://www.inakanet.jp/cgi-bin/database/file/20915-2.jpg,http://www.inakanet.jp/cgi-bin/database/file/20915-3.jpg,http://www.inakanet.jp/cgi-bin/database/file/20915-4.jpg,
山梨市切差,閑静な人気エリアに建つリフォーム不要の南向き囲炉裏付き古民家。近くに小川もあり、釣りや蛍鑑賞も楽しめます。環境が良い証拠ですね！ さらに村営の美味しいお水も定額使い放題。隣接畑(132坪）も借りられます！,山梨県,750,,山梨県山梨市切差  ,JR中央線山梨駅まで車約15分  西関東道路まで車約7分 ,,,4DK以上 南向き,601㎡,111.57㎡,,駐車場有り ,great,,http://www.inakanet.jp/cgi-bin/database/database.cgi?cmd=dp&num=20542&dp=,http://www.inakanet.jp/cgi-bin/database/file/20542-1.jpg,http://www.inakanet.jp/cgi-bin/database/file/20542-2.jpg,http://www.inakanet.jp/cgi-bin/database/file/20542-3.jpg,http://www.inakanet.jp/cgi-bin/database/file/20542-4.jpg,
上田市住吉,大河ドラマ「真田丸」の舞台、砥石城下の里の平屋古民家。交通便良・畑4反付き・鉄骨物置・車庫・上下水道・都市ガス。,長野県,550,,長野県上田市住吉  ,上信越道　上田菅平インター　約3.4ｋｍ　車で5分   ,,,南向き,630.96㎡,111.13㎡,明治28年,駐車場有り 3台,great,,http://www.inakanet.jp/cgi-bin/database/database.cgi?cmd=dp&num=20462&dp=,http://www.inakanet.jp/cgi-bin/database/file/20462-1.jpg,http://www.inakanet.jp/cgi-bin/database/file/20462-2.jpg,http://www.inakanet.jp/cgi-bin/database/file/20462-3.jpg,http://www.inakanet.jp/cgi-bin/database/file/20462-4.jpg,
千曲市倉科,人気緩やかに上昇中の千曲市倉科の古民家です。あんずの里とアルプスや飯綱山を眺める事ができる地域であり、車で10分も走れば千曲市の中心市街地まで行く事が出来る、生活便利な場所に位置しています。バスもありますので移動には困りません。敷地は広く陽当たりも良し、トイレは水洗で、さらに井戸ありのおすすめ物件です！！,長野県,1380,,長野県千曲市倉科  ,長野自動車道更埴ＩＣより5km   ,,,,698.9㎡　　,146.1㎡　　,,駐車場有り 4台,great,,http://www.inakanet.jp/cgi-bin/database/database.cgi?cmd=dp&num=20146&dp=,http://www.inakanet.jp/cgi-bin/database/file/20146-1.jpg,http://www.inakanet.jp/cgi-bin/database/file/20146-2.jpg,http://www.inakanet.jp/cgi-bin/database/file/20146-4.jpg,,
長野市中条,自然の中にはやはり古民家が良く馴染んでいますね！！ 今回は古民家でも人気の高い平家建てです！！ 座敷は天井も高く、立派な柱や梁、板戸に趣きを感じずにはいられません！ 屋根は塗り替えて間もなく青々として爽快！！ 空家歴も１年未満ですので補修なく住めそうです！！ 家の前には地続きのは400㎡以上の畑が広がり、こちらも田舎暮らしには理想の1つですね！！ さあ、早い者勝ちです！！,長野県,498,,長野県長野市中条  ,上信越自動車道長野ＩＣより車で40分   ,,,,"1,994.39㎡　",173.88㎡　　,,駐車場有り ,great,,http://www.inakanet.jp/cgi-bin/database/database.cgi?cmd=dp&num=19986&dp=,http://www.inakanet.jp/cgi-bin/database/file/19986-1.jpg,http://www.inakanet.jp/cgi-bin/database/file/19986-2.jpg,http://www.inakanet.jp/cgi-bin/database/file/19986-3.jpg,http://www.inakanet.jp/cgi-bin/database/file/19986-4.jpg,
北相馬郡利根町,明治17年築の邸宅、古民家再生。一見の価値あり。太くしっかりした梁や柱は見事。囲炉裏や骨組など古民家の雰囲気は残しつつ、10年ほど前に全面リフォーム。上下水道、オール電化を取り入れ住みやすさも追求。屋根の大きさ、形は何とも言えず豪快。重厚な蔵も居宅に使えるほどきれいに補修済み。写真多数ございます。お問い合わせください。,茨城県,4000,,茨城県北相馬郡利根町羽中  ,JR成田線　布佐駅より約3.4km  常磐自動車道　柏ICより約28km、圏央道　牛久阿見ICより約16km ,,,4DK以上 ,"2,735.55㎡",189.46㎡,1884年(明治17年),"駐車場有り 
※ 固定資産税　84,400円／年
※ 診療所0.4km　スーパー1.5km　コンビニ・〒1.7km　町役場2.7km",great,,http://www.inakanet.jp/cgi-bin/database/database.cgi?cmd=dp&num=19548&dp=,http://www.inakanet.jp/cgi-bin/database/file/19548-1.jpg,http://www.inakanet.jp/cgi-bin/database/file/19548-2.jpg,http://www.inakanet.jp/cgi-bin/database/file/19548-3.jpg,http://www.inakanet.jp/cgi-bin/database/file/19548-4.jpg,
桜川市入野,建物は1840年（天保11年）完成、医者の家で知られている旧長瀬邸11LDK。土間から見上げる小屋組は見事。当時往診で使われていた駕籠も保管されている。門は正門、通用門、裏門の３か所。敷地の東側半分は雑種地、駐車場などに使用可。基礎を含む内外の改修を経て大切に住まわれている歴史的建造物。写真多数ございますのでお問合わせください。,茨城県,12000,,茨城県桜川市入野  ,ＪＲ水戸線　岩瀬駅より車で５分  北関東自動車道　桜川筑西ICより車で１５分　約１０km ,,,4DK以上 ,"4,047.59㎡",444.76㎡,1840年5月,"駐車場有り 
※ 郵便局1km　小学校1.5km　銀行・スーパー・コンビニ3km　駅3.9km　市役所5km　病院6km　総合病院10km
※ 家庭菜園可　陽当たり良好　古民家
※ システムキッチン、温水洗浄便座",great,,http://www.inakanet.jp/cgi-bin/database/database.cgi?cmd=dp&num=19265&dp=,http://www.inakanet.jp/cgi-bin/database/file/19265-1.jpg,http://www.inakanet.jp/cgi-bin/database/file/19265-2.jpg,http://www.inakanet.jp/cgi-bin/database/file/19265-3.jpg,http://www.inakanet.jp/cgi-bin/database/file/19265-4.jpg,
月岡,"正確な築年は不明90年以上は経過しているものと思われます。2005年に再生古民家としてデビューしました。正確に不便は感じません。この雰囲気をこよなく愛する方よろしく
八郷は日本の里山１００選に選ばれた山と緑に囲まれた地区です。日本昔話に出てくるような古民家です。",茨城県,3800,,茨城県石岡市月岡786,つくばエクスプレス「つくば」車16km,,,3DK+S（納戸）,1656.33m2,162.46m2,1965年1月,設備：井戸、個別浄化槽、個別LPG、駐車場：カースペース,great,,https://inaka.suumo.jp/chukoikkodate/__JJ_JJ010FJ100_arz1030z2bsz1021z2ncz190295491z2scz108205z2taz108.html,https://img01.suumo.com/jj/resizeImage?src=gazo%2Fbukken%2F030%2FN010000%2Fimg%2F491%2F90295491%2F90295491_0001.jpg&w=500,https://img01.suumo.com/jj/resizeImage?src=gazo%2Fbukken%2F030%2FN010000%2Fimg%2F491%2F90295491%2F90295491_0002.jpg&w=500,https://img01.suumo.com/jj/resizeImage?src=gazo%2Fbukken%2F030%2FN010000%2Fimg%2F491%2F90295491%2F90295491_0003.jpg&w=500,https://img01.suumo.com/jj/resizeImage?src=gazo%2Fbukken%2F030%2FN010000%2Fimg%2F491%2F90295491%2F90295491_0004.jpg&w=500,
本町３（古河駅）,"【敷地面積219坪】【木材の良さを活かした和風住宅】【フルリフォーム】
【角地】【駐車5台可能】【7ＳＬＤＫ】【バリアフリー】
和風庭園♪縁側からの風情ある眺め♪

【史跡・文化施設が点在する古河市本町の趣のある和風住宅】
◆インバウンドを視野に入れた『ゲストハウス』や『レストラン』などをお考えの方にもおすすめです♪
◆【観光名所】古河城址、古河公方館跡、古河歴史博物館、古河文学館、鷹見仙石記念館、古河街角美術館など・・・

◆ＪＲ『古河駅』まで1000ｍ、国道4号線、新4号バイパスと都内へもアクセス良好♪
◆小学校550ｍ徒歩8分、中学校2ｋｍ、コンビニ550ｍ、スーパー900ｍ、商業施設充実
◆水回りは最新設備を設置☆和風住宅の風情と現代生活の便利さを兼ね備えた建坪69坪豪邸です！

～お取り扱い店舗～
プラスワン古河店　0280-30-3000",茨城県,3998,,茨城県古河市本町３,ＪＲ宇都宮線「古河」歩12分,,,7LDK+S（納戸）,725.46m2,229.99m2,1980年8月,設備：公営水道、本下水、個別LPG、駐車場：カースペース,great,,https://inaka.suumo.jp/chukoikkodate/__JJ_JJ010FJ100_arz1030z2bsz1021z2ncz190177571z2scz108204z2taz108.html,https://img01.suumo.com/jj/resizeImage?src=gazo%2Fbukken%2F030%2FN010000%2Fimg%2F571%2F90177571%2F90177571_0001.jpg&w=500,https://img01.suumo.com/jj/resizeImage?src=gazo%2Fbukken%2F030%2FN010000%2Fimg%2F571%2F90177571%2F90177571_0002.jpg&w=500,https://img01.suumo.com/jj/resizeImage?src=gazo%2Fbukken%2F030%2FN010000%2Fimg%2F571%2F90177571%2F90177571_0003.jpg&w=500,https://img01.suumo.com/jj/resizeImage?src=gazo%2Fbukken%2F030%2FN010000%2Fimg%2F571%2F90177571%2F90177571_0006.jpg&w=500,
国分北３（海老名駅）,"海老名「緑園分譲地」内。
総檜造り(菊池建設施工)で歌舞伎門と庭木果樹庭石豊富(松竹梅・菊花紋石・竹・キウイ・茗荷・秋明菊・菫・みかん他多数)な居心地良い家です。
日本蕎麦屋や甘味処などにも最適です。２沿線以上利用可、土地100坪以上、山が見える、陽当り良好、閑静な住宅地、角地、庭１０坪以上、通風良好",神奈川県,5800,,神奈川県海老名市国分北３,小田急小田原線「海老名」歩23分,,,6DK,501.91m2,118.15m2,1983年1月,設備：公営水道、本下水、都市ガス、駐車場：車庫,great,,https://inaka.suumo.jp/chukoikkodate/__JJ_JJ010FJ100_arz1030z2bsz1021z2ncz181444805z2scz114215z2taz114.html,https://img01.suumo.com/jj/resizeImage?src=gazo%2Fbukken%2F030%2FN010000%2Fimg%2F805%2F81444805%2F81444805_0037.jpg&w=500,https://img01.suumo.com/jj/resizeImage?src=gazo%2Fbukken%2F030%2FN010000%2Fimg%2F805%2F81444805%2F81444805_0002.jpg&w=500,https://img01.suumo.com/jj/resizeImage?src=gazo%2Fbukken%2F030%2FN010000%2Fimg%2F805%2F81444805%2F81444805_0039.jpg&w=500,https://img01.suumo.com/jj/resizeImage?src=gazo%2Fbukken%2F030%2FN010000%2Fimg%2F805%2F81444805%2F81444805_0022.jpg&w=500,
西小磯（大磯駅）,"江戸時代、滋賀県長浜市で建てられた母屋を移築。
その後に改築を重ねて実現した、古民家×カフェ風の空間。
魅力が詰まった、和洋折衷のリノベーション物件をぜひ見に来て下さい
打たせ湯付きの露天風呂あり（現在使用していないので修繕必要）
床暖房、囲炉裏付きの韓国風の茶室
２０畳ある、ヨゴづくりに囲まれた屋根裏部屋
東京まで直通６４分
横浜まで直通３７分",神奈川県,15000,,神奈川県中郡大磯町西小磯,ＪＲ東海道本線「大磯」歩20分,,,4LDKK,646m2,646m2,1988年1月,設備：公営水道、個別浄化槽、個別LPG、建築許可理由：調整区域につき建築許可要、建築確認番号：4-359、駐車場：車庫,great,,https://inaka.suumo.jp/chukoikkodate/__JJ_JJ010FJ100_arz1030z2bsz1021z2ncz187816869z2scz114340z2taz114.html,https://img01.suumo.com/jj/resizeImage?src=gazo%2Fbukken%2F030%2FN010000%2Fimg%2F869%2F87816869%2F87816869_0003.jpg&w=500,https://img01.suumo.com/jj/resizeImage?src=gazo%2Fbukken%2F030%2FN010000%2Fimg%2F869%2F87816869%2F87816869_0011.jpg&w=500,https://img01.suumo.com/jj/resizeImage?src=gazo%2Fbukken%2F030%2FN010000%2Fimg%2F869%2F87816869%2F87816869_0056.jpg&w=500,https://img01.suumo.com/jj/resizeImage?src=gazo%2Fbukken%2F030%2FN010000%2Fimg%2F869%2F87816869%2F87816869_0060.jpg&w=500,
遠田郡涌谷町,涌谷町中心部から近く田舎暮らし初心者向けの古民家。浴室の改修工事は行ったほうが快適な生活が送れます。この地域には少ないお蕎麦屋さんとかいかがでしょうか。,宮城,"1,720万",,宮城県遠田郡涌谷町涌谷字下町  ,ＪＲ石巻線　涌谷駅徒歩15分   ,,,,"1,146.88㎡　",1F：79.33㎡　　 2F：　　 その他：76.84㎡,,駐車場有り 8台※ 新所有者によるリノベーションによってどのように変わるか楽しみな物件です。,great,,http://www.inakanet.jp/cgi-bin/database/database.cgi?cmd=dp&num=20352&dp=,http://www.inakanet.jp/cgi-bin/database/file/20352-1.jpg,http://www.inakanet.jp/cgi-bin/database/file/20352-2.jpg,http://www.inakanet.jp/cgi-bin/database/file/20352-4.jpg,http://www.inakanet.jp/cgi-bin/database/file/20352-3.jpg,
長野市戸隠栃原,いつもクリックありがとうございます。今回はお蕎麦とパワースポットで有名な長野市戸隠にあります古民家のご紹介になります。建物は築100年は超える古民家なのですが、トイレは水洗、お風呂はユニットバス、キッチンはIHになっています。『水周りは現代風じゃないとダメ』という奥さんを説得できるかもしれません。水周り以外はほぼ昔の姿ですので、コツコツと自分の思い通りに直す楽しみもあります。囲炉裏も切ってあり、その上は吹き抜けになっていますので、囲炉裏も簡単に復活出来ると思います。宅地は248坪と広く、庭には一位・もみじ・栗・ツツジ等が植えてあります。また、長野市街地へ車で約20分程なのも大きな魅力です。,長野県,780,,長野県長野市戸隠栃原  ,長野新幹線長野駅から車で約25分  上信越自動車道長野インターから車で約40分 ,,,4DK以上 南向き,"2,056.87",149.09,,"駐車場有り 3～4台
※ JA・商店・郵便局・温泉施設へ車で5分
※ バス停へ200m",great,,http://www.inakanet.jp/cgi-bin/database/database.cgi?cmd=dp&num=18198&dp=,http://www.inakanet.jp/cgi-bin/database/file/18198-1.jpg,http://www.inakanet.jp/cgi-bin/database/file/18198-2.jpg,http://www.inakanet.jp/cgi-bin/database/file/18198-4.jpg,http://www.inakanet.jp/cgi-bin/database/file/18198-3.jpg,
北杜市須玉町,北杜市須玉のリフォーム済み古民家が出ました！　水周りから内装・外装までキレイに補修してあります。敷地も広く色々な野菜が作れます。物件は高台に位置するので眺望も良いです☆,山梨県,1100,,山梨県北杜市須玉町江草  ,中央道須玉ICへ車で約20分   ,,,4DK以上 南向き,"1,464",181,,駐車場有り 5台,great,,http://www.inakanet.jp/cgi-bin/database/database.cgi?cmd=dp&num=17171&dp=,http://www.inakanet.jp/cgi-bin/database/file/17171-1(2).jpg,http://www.inakanet.jp/cgi-bin/database/file/17171-2(2).jpg,http://www.inakanet.jp/cgi-bin/database/file/17171-3.jpg,http://www.inakanet.jp/cgi-bin/database/file/17171-4.jpg,
上水内郡小川村,のんびり暮らせる田舎物件。光回線。家具、農機具付、天井断熱、一部ペアガラス。キッチン、浴室、トイレ、洗面所等リフォーム済。160種以上の山野草を植えています。,長野県,350,,長野県上水内郡小川村大字稲丘  ,長野駅より 車で約40分   ,,,4DK以上 ,416.96,173.22,,"駐車場有り 2台
※ 地代は年間3万円。他に畑を年間2,000円で借りています。
※ 地すべり危険箇所、土砂災害警戒区域
※ 積雪時はご案内できません。
※ 空家後６年のため、かなりリフォームが必要です。",great,,http://www.inakanet.jp/cgi-bin/database/database.cgi?cmd=dp&num=15903&dp=,http://www.inakanet.jp/cgi-bin/database/file/15903-1.jpg,http://www.inakanet.jp/cgi-bin/database/file/15903-2.jpg,http://www.inakanet.jp/cgi-bin/database/file/15903-4.jpg,http://www.inakanet.jp/cgi-bin/database/file/15903-3.jpg,
安中市野殿,"こちらのお家は関越自動車道「高崎インター」より約15ｋｍ、車で30分。電車ですと信越本線「安中駅」より約4.2ｋｍ、車で約9分です。カーナビでお越しになる場合はナビは上信越道「富岡インター」を表示する場合もあります。富岡インターの方が高崎インターより時間の短縮はできます。安中市街地を通り抜け新島学園、安中土木事務所前の道を走り抜けますと上り坂になります。そこを上りきった所に建っています。周囲はとてもとてものどかな田園風景であり、小高い所に建っていますので眺望はとても良いです。北の方向には榛名山や赤城山、西の方向には妙義山や浅間山など雄大な山々の景色がきれいに見えて心をなごませてくれます。特に冬の澄んだ日の青空や、秋の西に沈む太陽のオレンジ色に輝いた夕陽は言葉に表せないものがあります。自然に感謝し、今ここに感謝できる素直な自分に気づかせてくれる瞬間です。建物は農家住宅として使われてきた古民家です。築年月ははっきりわかりません。間取りは5SLDKの和室を中心としたつづき間のある古民家住宅です。平成24年3月までお住まいになられていました。古民家ですので、家の状態は傷みが目立ちます。リフォームが必要ですが売主様が畳の表替えや襖、障子の張替え、他、痛みの目立つ箇所を地元の大工さんに直して頂いた後にお引渡しとさせて頂きます。更に水廻り等、修繕を希望される方はお引渡し後に買主様側にてリフォームをして下さい。土地は宅地が400坪、朝から夕方まで一日中太陽が燦々とふりそそぎます。東側が広く更地になっていますので、こちらで無農薬の野菜作りを楽しまれては如何でしょうか？土地が広いので敷地内で色々な事が楽しめます。
",群馬県,790,,群馬県安中市野殿  ,関越自動車道 「高崎インター」より 約15km 車約30分  信越本線 「安中駅」 約4.2km 車約9分  ,,,4DK以上 南向き,"1,323.62",114.7,,駐車場有り 10台,great,,http://www.inakanet.jp/cgi-bin/database/database.cgi?cmd=dp&num=15663&dp=,http://www.inakanet.jp/cgi-bin/database/file/15663-1.jpg,http://www.inakanet.jp/cgi-bin/database/file/15663-2.jpg,http://www.inakanet.jp/cgi-bin/database/file/15663-3.jpg,http://www.inakanet.jp/cgi-bin/database/file/15663-4.jpg,
岡谷市川岸西,諏訪湖から天竜川の始まる水門近くの緩斜面にあり、大正末期に建築された古民家です。構造材は古民家特有の素材で建築され大黒柱その他の部材は大木で出来ています。空き家になって数年経ていますので、大改築が必要と思われます。古民家に興味のお持ちの方、検討してみて下さい。,長野県,580,,長野県岡谷市川岸西  ,中央道 岡谷インターより 15分  中央東線 川岸駅より 徒歩15分  ,,,4DK以上 ,439.66,193.62,,"駐車場有り 5台
※ 下水道は宅地内に枡が設置されていますが、家屋には未接続です。",great,,http://www.inakanet.jp/cgi-bin/database/database.cgi?cmd=dp&num=11835&dp=,http://www.inakanet.jp/cgi-bin/database/file/11835-1.jpg,http://www.inakanet.jp/cgi-bin/database/file/11835-2.jpg,http://www.inakanet.jp/cgi-bin/database/file/11835-3.jpg,,1923-01-01
塩尻市広丘野村,推定築年数150年の本棟造りの古民家です。元庄屋さまの居宅で、建築素材も古民家独特の材料で建築されており、文化遺産に匹敵する建築物です。池付きの風格ある庭園と、お蔵が付いています。,長野県,5580,,長野県塩尻市広丘野村  ,中央自動車道 塩尻インターより 10分  中央本線 広丘駅より 徒歩２０分 ,,,4DK以上 ,"1,594",320,,"駐車場有り 5台
※ 部屋数　1階：11部屋　2階：2部屋　計13部屋
※ 市街化調整区域",great,,http://www.inakanet.jp/cgi-bin/database/database.cgi?cmd=dp&num=10856&dp=,"
http://www.inakanet.jp/cgi-bin/database/file/10856-1.jpg",http://www.inakanet.jp/cgi-bin/database/file/10856-2.jpg,http://www.inakanet.jp/cgi-bin/database/file/10856-3.jpg,,
吉野郡黒滝村,奈良県吉野郡黒滝村にある「古民家」です。高台に位置する400坪を超える広大敷地！後に建てられた別棟は1階が倉庫になっており、ＤＩＹ等の作業場としても活躍できそう♪本宅は元民宿につき多数のお部屋があります！☆近隣に黒滝川があり川遊びやＢＢＱも楽しめますよ♪,奈良県,950,,奈良県吉野郡黒滝村寺戸437-1,近鉄吉野線 下市口,,,母屋12DK＋別棟3K＋倉庫,430.24,260.76,,設備（上水：公営／自主井戸　下水：合併式浄化槽　電気：関西電力　ガス：個別プロパン　側溝：有）※母屋築年月日不詳　※地目：宅地の他、山林、雑種地、公衆用道路　☆別棟：平成7年築　鉄骨造2階建て（1階：82.50㎡　2階：80.00㎡）,great,,https://www.country-life.co.jp/d26000600122020000000803,https://www.country-life.co.jp/photo/260006/1/26000600122020000000803_4_180804165420.jpg,https://www.country-life.co.jp/photo/260006/1/26000600122020000000803_11_180804165420.jpg,https://www.country-life.co.jp/photo/260006/1/26000600122020000000803_17_180804165420.jpg,https://www.country-life.co.jp/photo/260006/1/26000600122020000000803_1_180805112956.jpg,
奈良市下深川町,"奈良県奈良市下深川町にあるリノベーション済の古民家です。約1,600坪の敷地には、柿・栗・果林などの果樹園があります♪囲炉裏のある古民家ですぐに田舎暮らしを始められます♪",奈良県,1980,,奈良県奈良市下深川町1255,ＪＲ関西本線 笠置 ,,,3LDK,"5,310",102.66,,"設備（上水：公営水道　下水：合併式浄化槽　電気：関西電力　ガス：個別プロパン）※別途離れ：41.86平米有　※H29年固定資産税：5,700円　※裏山に斜面補強あり　☆H14.8室内全面リフォーム済、H16.8屋根リフォーム済☆駐車８台可能",great,,https://www.country-life.co.jp/d26000600122020000000738,https://www.country-life.co.jp/photo/260006/1/26000600122020000000738_6_170808161239.jpg,https://www.country-life.co.jp/photo/260006/1/26000600122020000000738_7_170808161239.jpg,https://www.country-life.co.jp/photo/260006/1/26000600122020000000738_14_170808161239.jpg,https://www.country-life.co.jp/photo/260006/1/26000600122020000000738_1_170808170502.jpg,1954-03-01
伊賀市諏訪,三重県伊賀市諏訪にある「古民家」です♪ 囲炉裏など建築当時の建具が残る古民家です♪約200坪の敷地は家庭菜園や趣味のスペースにどうぞ♪JR伊賀上野駅より車で約10分の距離にあり田舎暮らし初心者にもオススメです☆,三重県,350,,三重県伊賀市諏訪,,,,4DK,653.11,94.92,,設備（上水：公営　下水：汲取　ガス：個別プロパン　電気：中部電力）※築年不詳☆JR関西本線「伊賀上野駅」よりバス16分「諏訪口」徒歩6分　※2018年1月値下げ！450万円→350万円,great,,https://www.country-life.co.jp/d26000600122020000000691,https://www.country-life.co.jp/photo/260006/1/26000600122020000000691_2_170226102248.jpg,https://www.country-life.co.jp/photo/260006/1/26000600122020000000691_6_161216135949.jpg,https://www.country-life.co.jp/photo/260006/1/26000600122020000000691_16_180825123807.jpg,https://www.country-life.co.jp/photo/260006/1/26000600122020000000691_1_180825162542.jpg,
亀岡市畑野町,京都府亀岡市畑野町広野「中古戸建」☆小川に隣接する自然豊かな環境です。「るり渓温泉」まで車で２１分♪ セカンドハウスの利用が多い地域です！,京都府,1180,,京都府亀岡市畑野町広野烏帽子岩３－３２８,ＪＲ山陰本線 千代川 ,,,4LDK,"1,326.00",95.23,,設備（上水：井戸（地下水利用、前面道路上水道完備）下水：汲取　ガス：個別プロパン　電気：関西電力）豊中市立 青少年自然の家「わっぱる」まで車１１分、畑野小学校まで徒歩１８分,great,,https://www.country-life.co.jp/d26000600122020000000728,https://www.country-life.co.jp/photo/260006/1/26000600122020000000728_2_180311102903.jpg,https://www.country-life.co.jp/photo/260006/1/26000600122020000000728_9_170702152355.jpg,https://www.country-life.co.jp/photo/260006/1/26000600122020000000728_14_170702152355.jpg,https://www.country-life.co.jp/photo/260006/1/26000600122020000000728_1_170702154242.jpg,1980-08-01
奈良市月ヶ瀬尾山,奈良市月ヶ瀬尾山にある古民家物件です。改装中でリフォームプラン指定ですが、黒光りした太い梁など魅力の物件です。月ヶ瀬梅林近くの自然公園内に位置する為、自然が豊かです。,奈良県,"1,480",,奈良県奈良市月ケ瀬尾山 ,ＪＲ関西本線 月ヶ瀬口 ,,,4DK,4643.99,108.42,,設備（上水：公営水道　下水：汲取り※本下水引込可能　ガス：個別プロパン　電気：関西電力）※敷地は宅地:875.99㎡保安林:3768㎡,great,,https://www.country-life.co.jp/d26000600122020000000482,https://www.country-life.co.jp/photo/260006/1/26000600122020000000482_4_150115110703.jpg,https://www.country-life.co.jp/photo/260006/1/26000600122020000000482_9_150115113101.jpg,https://www.country-life.co.jp/photo/260006/1/26000600122020000000482_24_150116150647.jpg,https://www.country-life.co.jp/photo/260006/1/26000600122020000000482_1_150115110703.jpg,
福知山市,京都府福知山市にある「古民家」です。敷地面積は約628㎡と広く、菜園やドッグランスペースも十分取れます♪ また近隣にて田畑の紹介も可能なので自給自足の田舎暮らしが楽しめます！,京都府,480,,京都府福知山市,ＪＲ山陰本線 福知山 ,,,5K,629,153.69,,"設備（上水：公営　下水：本下水　ガス：個別プロパン　電気：関西電力　散水栓：有）※築年月日不詳　※地目：宅地・畑　※畑100㎡（農地法の適用有）※平成30年度固定資産税：非課税　※自治会費：￥7,000/年(変動有り)　☆屋根塗装済(H29年6月)　☆井戸有(キッチン引込済※ポンプ要修理)　☆大型保冷庫付　☆駐車3～4台可能　　",great,,https://www.country-life.co.jp/d26000600122020000000808,https://www.country-life.co.jp/photo/260006/1/26000600122020000000808_2_180916104212.jpg,https://www.country-life.co.jp/photo/260006/1/26000600122020000000808_10_180916104212.jpg,https://www.country-life.co.jp/photo/260006/1/26000600122020000000808_13_180916104212.jpg,https://www.country-life.co.jp/photo/260006/1/26000600122020000000808_1_180916132302.jpg,
奈良市月ヶ瀬,奈良県奈良市月ヶ瀬にある「古民家」です。高台に位置している為、眺望良好！広い敷地で家庭菜園や庭園造りも楽しめそう♪リフォームが必要ですが、補修含め楽しめる方に！時代を重ねたからこそ味わい深い、古き良き古民家でゆったりと暮らしてみませんか！,奈良県,680,,奈良市月ケ瀬長引,ＪＲ関西本線 月ヶ瀬口 ,,,,1058.12,110.74,,設備（上水：公営　下水：本下水　電気：関西電力　ガス：個別プロパン　側溝：有）※母屋:平屋110.74㎡　別棟1:平屋57.16㎡　別棟2:平屋19㎡　土蔵:1階15.86㎡　2階13.68㎡　※母屋:水回りリフォーム要　※築年不詳　☆駐車：5～6台可能（大型車は困難）　☆「梅の郷　月ヶ瀬温泉」まで車で約5分！,great,,https://www.country-life.co.jp/d26000600122020000000764,https://www.country-life.co.jp/photo/260006/1/26000600122020000000764_4_171223102340.jpg,https://www.country-life.co.jp/photo/260006/1/26000600122020000000764_18_171223102340.jpg,https://www.country-life.co.jp/photo/260006/1/26000600122020000000764_25_171223102340.jpg,https://www.country-life.co.jp/photo/260006/1/26000600122020000000764_1_171223133412.jpg,
宍粟市山崎町,兵庫県宍粟市山崎町にある、集落を見渡す高台に建つ日本家屋物件です。敷地は約350坪!家庭菜園やﾄﾞｯｸﾞﾗﾝなど楽しめます♪木製の大型サッシなど、開放感があり、明るい室内です。リビングはアイランドキッチンや薪ストーブなど、便利さとデザインを兼ね備えた物件です。,兵庫県,800,,兵庫県宍粟市山崎町東下野 ,ＪＲ姫新線 播磨新宮 ,,,1LDK,1170,114.57,,設備（上水：公営水道　下水：本下水　ガス：個別プロパン　電気：関西電力）☆大幅値下げ！1580万円→1380万円→1000万円→800万円 　☆H29.5.11放送の関西テレビ「よーいドン！」のコーナー「あいLOVE週末田舎暮らし」 で当物件を紹介して頂きました！,great,,https://www.country-life.co.jp/d26000600122020000000423,https://www.country-life.co.jp/photo/260006/1/26000600122020000000423_2_140510202029.jpg,https://www.country-life.co.jp/photo/260006/1/26000600122020000000423_6_140510202043.jpg,https://www.country-life.co.jp/photo/260006/1/26000600122020000000423_10_140510202100.jpg,https://www.country-life.co.jp/photo/260006/1/26000600122020000000423_1_140510202029.jpg,1976-12-01
船井郡京丹波町,京都府船井郡京丹波町にあるリノベーション古民家です。真っ白な壁に黒くいぶされた古材がはえる宅内には存在感ある「梁」と「囲炉裏」。永住はもとより、こだわりの蕎麦屋でも営業できそうな雰囲気!!　駐車スペースや畑スペースも十分!!　,京都府,2360,,京都府船井郡京丹波町篠原,ＪＲ山陰本線 和知 ,,,5LDK,710.74,160.99,,設備（上水：公営　下水：簡易水洗(汲み取り)　ガス：個別プロパン　電気：関西電力）☆リノベーション済　※築年数不詳,great,,https://www.country-life.co.jp/d26000600122020000000609,https://www.country-life.co.jp/photo/260006/1/26000600122020000000609_3_160809132931.jpg,https://www.country-life.co.jp/photo/260006/1/26000600122020000000609_9_160809132931.jpg,https://www.country-life.co.jp/photo/260006/1/26000600122020000000609_12_160809134032.jpg,https://www.country-life.co.jp/photo/260006/1/26000600122020000000609_1_160227152528.jpg,
蒲生郡日野町,滋賀県蒲生郡日野町にある「古民家」です。昔なつかしい雰囲気に包まれた、土間のあるお家です。築年不詳で補修が必要ですが、部屋数も多く、小学校も徒歩約5分の距離！おでかけスポット「滋賀農業公園ブルーメの丘」まで車で約3分♪子育て世代にもオススメな物件です！,滋賀県,340,,滋賀県蒲生郡日野町仁本木,近江鉄道本線 日野,,,,297.52,105.35,,"設備（上水：公営　下水：公共下水引込可（現況：汲取）　電気：関西電力　ガス：個別プロパン）※平成29年固定資産税：13,653円　※建物増築部分有　※築年不詳　※都市計画法34条11号エリア　※修繕工事要（雨漏り・床・水回り等）☆駐車場近隣にて交渉可能　※平成30年7月値下げ！490万円→390万円→340万円",great,,https://www.country-life.co.jp/d26000600122020000000762,https://www.country-life.co.jp/photo/260006/1/26000600122020000000762_4_171209175143.jpg,https://www.country-life.co.jp/photo/260006/1/26000600122020000000762_10_171209175143.jpg,https://www.country-life.co.jp/photo/260006/1/26000600122020000000762_12_171209175143.jpg,https://www.country-life.co.jp/photo/260006/1/26000600122020000000762_1_171214145113.jpg,
五條市西吉野町,奈良県五條市西吉野町湯塩に建つ日本家屋物件です。物件は柿農園に囲まれた高台に位置し見晴らしGood！倉庫や納屋、土蔵などもあり田舎暮らしにお奨めの物件です！,奈良県,850,,奈良県五條市西吉野町湯塩,ＪＲ和歌山線 五条,,,6DK,937.88,132.13,, 設備（上水：公営水道　下水：合併式浄化槽　ガス：個別プロパン　電気：関電　Net：こまどりケーブル）☆h30年7月12日関西テレビ「よーいドン」あいLOVE週末田舎暮らしコーナーで紹介されました！https://youtu.be/hDTSzxpn6lk ※農地を含む為、農地法有り　※入り口狭小の為、大型車不可　※母屋以外の建物未登記　 ☆徒歩約２分の所に「旬の野菜レストラン農悠舎王隠堂」「Ｃａｆｅ＆農家民宿 こもれび」があります！,great,,https://www.country-life.co.jp/d26000600122020000000717,https://www.country-life.co.jp/photo/260006/1/26000600122020000000717_5_180505180750.jpg,https://www.country-life.co.jp/photo/260006/1/26000600122020000000717_8_170526123803.jpg,https://www.country-life.co.jp/photo/260006/1/26000600122020000000717_11_170526123803.jpg,https://www.country-life.co.jp/photo/260006/1/26000600122020000000717_1_170526123803.jpg,1976-11-01
大津市北比良,滋賀県大津市北比良にある中古戸建です。天然温泉「比良とぴあ」まで歩いて約１５分の好立地！立派な日本庭園を備えた純和風建築！,滋賀県,980,,滋賀県大津市北比良,ＪＲ湖西線 比良,,,5DK,377,137.81,," 設備（上水：公営水道　下水：汲取り　ガス：個別プロパン　電気：関電）※平成30年9月値下げ！1,280万円→980万円",great,,https://www.country-life.co.jp/d26000600122020000000713,https://www.country-life.co.jp/photo/260006/1/26000600122020000000713_3_170522174719.jpg,https://www.country-life.co.jp/photo/260006/1/26000600122020000000713_10_170515182626.jpg,https://www.country-life.co.jp/photo/260006/1/26000600122020000000713_14_170515182626.jpg,https://www.country-life.co.jp/photo/260006/1/26000600122020000000713_1_170515164638.jpg,1992-10-01
名張市下比奈知,三重県名張市下比奈知「中古戸建」です。600坪を取り囲む土塀に85坪の純和風家屋と他４棟の物件。田舎暮らしの他、施設としての利用もOK！,三重県,2300,,三重県名張市下比奈知,,,,11DK,1999.34,282.6,, 設備（上水：公営　下水：汲取(簡易水洗)　ガス：個別プロパン　電気：中部電力）☆他４棟建物有　「名張駅」より、バス１１分徒歩１分の立地。名張～難波間は、特急で約５０分です。,great,,https://www.country-life.co.jp/d26000600122020000000704,https://www.country-life.co.jp/photo/260006/1/26000600122020000000704_6_170320175807.jpg,https://www.country-life.co.jp/photo/260006/1/26000600122020000000704_7_170320175807.jpg,https://www.country-life.co.jp/photo/260006/1/26000600122020000000704_10_170320175807.jpg,https://www.country-life.co.jp/photo/260006/1/26000600122020000000704_1_170320175618.jpg,1969-04-01
津市美杉町,三重県津市美杉町にある広大敷地に建つ工場＋古民家物件です。敷地は高台の為、眺望良く、周囲が気にならない立地です！生活に必要な水回りの改修工事は必要！さすが元材木屋の家！良い材木が使われた家です♪,三重県,400,,三重県津市美杉町,,,,7SDK,1843,103.1,,設備（上水：公営水道　下水：汲取り　ガス：個別プロパン　電気：中電）※築年月日不詳　※表示の述べ床面積は母屋の1階部分　※別棟（工場：鉄骨＋木造252.33㎡、木造倉庫、母屋に隣接する車庫倉庫＋2階2間）※平成30年7月大幅値下げ！980万円→400万円！,great,,https://www.country-life.co.jp/d26000600122020000000590,https://www.country-life.co.jp/photo/260006/1/26000600122020000000590_13_151211203702.jpg,https://www.country-life.co.jp/photo/260006/1/26000600122020000000590_15_151211203702.jpg,https://www.country-life.co.jp/photo/260006/1/26000600122020000000590_4_151211203604.jpg,https://www.country-life.co.jp/photo/260006/1/26000600122020000000590_1_151211203539.jpg,
宇陀郡御杖村土屋原 ,奈良県宇陀郡御杖村土屋原にある「売民家」です。間口が広く南向き!!眺望良好な田舎暮らし物件です!!敷地のほかに広大な土地付き！菜園もOK！！,奈良県,300,,奈良県宇陀郡御杖村土屋原 ,近鉄大阪線 榛原,,,9DK,1310.78,229.78,,設備（上水：公営水道　下水：合併式浄化槽　ガス：個別プロパン　電気：関西電力）☆駐車スペース：多数台　※隣接建物失火の影響により要改修箇所有（風呂・WC・電気）☆敷地面積は約395坪（オリンピックの50mプールと同等の広さ!!）☆御杖村立御杖保育所まで徒歩16分、御杖村立御杖小学校まで徒歩16分　☆8/29値下げ！490万円→390万円→300万円,great,,https://www.country-life.co.jp/d26000600122020000000677,https://www.country-life.co.jp/photo/260006/1/26000600122020000000677_5_161025171457.jpg,https://www.country-life.co.jp/photo/260006/1/26000600122020000000677_8_161025171457.jpg,https://www.country-life.co.jp/photo/260006/1/26000600122020000000677_9_161025171457.jpg,https://www.country-life.co.jp/photo/260006/1/26000600122020000000677_1_161025175448.jpg,1973-01-01